fecha,clave,tipo,origen,destino,vuelta_desde,ida,vuelta,grupo,orden,corredor,via,aerolineas,vuelos,salida,llegada,duracion_min,n_escalas,precio,extensiones
2026-09-14,RT-SCL-OPO-20270712-20270731,RT,SCL,OPO,OPO,2027-07-12,2027-07-31,mejor,0,madrid,MAD,Iberia,IB 118 IB 543,2027-07-12 11:40,2027-07-13 07:40,900,1,2868237,
2026-09-14,RT-SCL-OPO-20270712-20270731,RT,SCL,OPO,OPO,2027-07-12,2027-07-31,mejor,1,brasil,GRU-MAD,LATAM / Air Europa,LA 8155 LA 8066 UX 1141,2027-07-12 15:50,2027-07-13 19:20,1350,2,3139794,
2026-09-14,RT-SCL-OPO-20270712-20270731,RT,SCL,OPO,OPO,2027-07-12,2027-07-31,mejor,2,madrid,MAD,LATAM / Iberia,LA 706 IB 1151,2027-07-12 18:00,2027-07-13 16:00,1020,1,3176457,
2026-09-14,RT-SCL-OPO-20270712-20270731,RT,SCL,OPO,OPO,2027-07-12,2027-07-31,mejor,3,madrid,MAD,LATAM / Air Europa,LA 706 UX 1141,2027-07-12 18:00,2027-07-13 19:20,1220,1,3350757,
2026-09-14,RT-SCL-OPO-20270712-20270731,RT,SCL,OPO,OPO,2027-07-12,2027-07-31,otro,0,madrid,MAD,LATAM / Air Europa,LA 706 UX 1147,2027-07-12 18:00,2027-07-14 06:45,1905,1,3132381,
2026-09-14,RT-SCL-OPO-20270712-20270731,RT,SCL,OPO,OPO,2027-07-12,2027-07-31,otro,1,madrid,MAD,LATAM / Iberia,LA 706 IB 543,2027-07-12 18:00,2027-07-14 07:40,1960,1,3134856,
2026-09-14,RT-SCL-OPO-20270712-20270731,RT,SCL,OPO,OPO,2027-07-12,2027-07-31,otro,2,brasil,GRU-MAD,LATAM / Iberia,LA 8155 LA 8066 IB 1151,2027-07-12 15:50,2027-07-13 16:00,1150,2,3769818,
2026-09-14,RT-SCL-OPO-20270712-20270731,RT,SCL,OPO,OPO,2027-07-12,2027-07-31,otro,3,brasil,GRU-IST,Turkish Airlines,TK 216 TK 216 TK 1451,2027-07-12 10:15,2027-07-13 15:40,1465,2,4153340,
2026-09-14,RT-SCL-OPO-20270712-20270731,RT,SCL,OPO,OPO,2027-07-12,2027-07-31,otro,4,lima,LIM-YUL,LATAM / Air Canada,LA 2444 AC 89 AC 928,2027-07-12 21:55,2027-07-14 10:00,1865,2,4417003,
2026-09-14,RT-SCL-OPO-20270712-20270731,RT,SCL,OPO,OPO,2027-07-12,2027-07-31,otro,5,otra,BOG-YUL,LATAM / Air Canada,LA 572 AC 99 AC 928,2027-07-12 23:05,2027-07-14 10:00,1795,2,4417937,
2026-09-14,RT-SCL-OPO-20270712-20270731,RT,SCL,OPO,OPO,2027-07-12,2027-07-31,otro,6,otra,EZE-AMS,KLM,KL 702 KL 702 KL 1577,2027-07-12 10:15,2027-07-13 22:15,1860,2,5429828,
2026-09-14,RT-SCL-OPO-20270712-20270731,RT,SCL,OPO,OPO,2027-07-12,2027-07-31,otro,7,otra,EZE-AMS,KLM,KL 702 KL 702 KL 1573,2027-07-12 10:15,2027-07-13 15:30,1455,2,5664262,
2026-09-14,RT-SCL-LIS-20270712-20270731,RT,SCL,LIS,LIS,2027-07-12,2027-07-31,mejor,0,madrid,MAD,Iberia,IB 118 IB 529,2027-07-12 11:40,2027-07-13 07:45,905,1,2944373,
2026-09-14,RT-SCL-LIS-20270712-20270731,RT,SCL,LIS,LIS,2027-07-12,2027-07-31,mejor,1,brasil,GRU,LATAM,LA 8155 LA 8148,2027-07-12 15:50,2027-07-13 12:20,930,1,3440286,
2026-09-14,RT-SCL-LIS-20270712-20270731,RT,SCL,LIS,LIS,2027-07-12,2027-07-31,mejor,2,brasil,GRU,LATAM,LA 8153 LA 8146,2027-07-12 04:45,2027-07-13 07:10,1285,1,3526557,
2026-09-14,RT-SCL-LIS-20270712-20270731,RT,SCL,LIS,LIS,2027-07-12,2027-07-31,mejor,3,brasil,GRU,LATAM,LA 762 LA 8146,2027-07-12 07:35,2027-07-13 07:10,1115,1,3608406,
2026-09-14,RT-SCL-LIS-20270712-20270731,RT,SCL,LIS,LIS,2027-07-12,2027-07-31,mejor,4,brasil,GRU,LATAM,LA 750 LA 8146,2027-07-12 11:30,2027-07-13 07:10,880,1,3821358,
2026-09-14,RT-SCL-LIS-20270712-20270731,RT,SCL,LIS,LIS,2027-07-12,2027-07-31,otro,0,brasil,GRU,LATAM,LA 762 LA 8148,2027-07-12 07:35,2027-07-13 12:20,1425,1,4138131,
2026-09-14,RT-SCL-LIS-20270712-20270731,RT,SCL,LIS,LIS,2027-07-12,2027-07-31,otro,1,brasil,GRU-IST,Turkish Airlines,TK 216 TK 216 TK 1759,2027-07-12 10:15,2027-07-13 15:35,1460,2,4316567,
2026-09-14,RT-SCL-LIS-20270712-20270731,RT,SCL,LIS,LIS,2027-07-12,2027-07-31,otro,2,brasil,GRU,LATAM,LA 714 LA 8148,2027-07-12 15:55,2027-07-13 12:20,925,1,5373666,
2026-09-14,RT-SCL-LIS-20270712-20270731,RT,SCL,LIS,LIS,2027-07-12,2027-07-31,otro,3,otra,BOG-YYZ,Avianca / Air Canada,AV 240 AC 95 AC 810,2027-07-12 00:30,2027-07-13 11:00,1770,2,5630354,
2026-09-14,RT-SCL-LIS-20270712-20270731,RT,SCL,LIS,LIS,2027-07-12,2027-07-31,otro,4,paris,CDG,Air France,AF 407 AF 1024,2027-07-12 10:10,2027-07-13 11:15,1205,1,6493671,
2026-09-14,RT-SCL-LIS-20270712-20270731,RT,SCL,LIS,LIS,2027-07-12,2027-07-31,otro,5,otra,BOG-MAD,Avianca / Tap Air Portugal,AV 116 AV 10 TP 1017,2027-07-12 15:20,2027-07-13 18:25,1325,2,7662228,
2026-09-14,RT-CCP-OPO-20270712-20270731,RT,CCP,OPO,OPO,2027-07-12,2027-07-31,mejor,0,madrid,SCL-MAD,LATAM / Iberia,LA 14 IB 118 IB 1149,2027-07-12 20:51,2027-07-14 11:45,2034,2,4549092,
2026-09-14,RT-CCP-OPO-20270712-20270731,RT,CCP,OPO,OPO,2027-07-12,2027-07-31,mejor,1,madrid,SCL-MAD,LATAM / Air Europa,LA 6 LA 706 UX 1141,2027-07-12 14:44,2027-07-13 19:20,1416,2,4855284,
2026-09-14,RT-CCP-OPO-20270712-20270731,RT,CCP,OPO,OPO,2027-07-12,2027-07-31,mejor,2,madrid,SCL-MAD,LATAM / Air Europa,LA 16 LA 706 UX 1141,2027-07-12 15:16,2027-07-13 19:20,1384,2,4895016,
2026-09-14,RT-CCP-OPO-20270712-20270731,RT,CCP,OPO,OPO,2027-07-12,2027-07-31,mejor,3,madrid,SCL-MAD,LATAM / Iberia,LA 16 LA 706 IB 1151,2027-07-12 15:16,2027-07-13 16:00,1184,2,5273532,
2026-09-14,RT-CCP-OPO-20270712-20270731,RT,CCP,OPO,OPO,2027-07-12,2027-07-31,mejor,4,madrid,SCL-MAD,LATAM / Iberia,LA 4 IB 118 IB 543,2027-07-12 07:41,2027-07-13 07:40,1139,2,5276537,
2026-09-14,RT-CCP-OPO-20270712-20270731,RT,CCP,OPO,OPO,2027-07-12,2027-07-31,otro,0,madrid,SCL-MAD,LATAM / Air Europa,LA 4 LA 706 UX 1141,2027-07-12 07:41,2027-07-13 19:20,1839,2,4824111,
2026-09-14,RT-CCP-OPO-20270712-20270731,RT,CCP,OPO,OPO,2027-07-12,2027-07-31,otro,1,madrid,SCL-MAD,LATAM / Air Europa,LA 16 LA 706 UX 1147,2027-07-12 15:16,2027-07-14 06:45,2069,2,4878834,
2026-09-14,RT-CCP-OPO-20270712-20270731,RT,CCP,OPO,OPO,2027-07-12,2027-07-31,otro,2,madrid,SCL-MAD,LATAM / Iberia,LA 14 IB 118 IB 543,2027-07-12 20:51,2027-07-14 07:40,1789,2,5247303,
2026-09-14,OJ-SCL-OPO-LIS-20270712-20270731,OJ,SCL,OPO,LIS,2027-07-12,2027-07-31,mejor,0,madrid,MAD,Iberia,IB 118 IB 543,2027-07-12 11:40,2027-07-13 07:40,900,1,2864171,
2026-09-14,OJ-SCL-OPO-LIS-20270712-20270731,OJ,SCL,OPO,LIS,2027-07-12,2027-07-31,mejor,1,madrid,MAD,LATAM / Iberia,LA 706 IB 1151,2027-07-12 18:00,2027-07-13 16:00,1020,1,3172391,
2026-09-14,OJ-SCL-OPO-LIS-20270712-20270731,OJ,SCL,OPO,LIS,2027-07-12,2027-07-31,mejor,2,otra,MVD-MAD,LATAM / Iberia,LA 410 IB 170 IB 549,2027-07-12 15:35,2027-07-13 20:00,1405,2,3255618,
2026-09-14,OJ-SCL-OPO-LIS-20270712-20270731,OJ,SCL,OPO,LIS,2027-07-12,2027-07-31,otro,0,madrid,MAD,LATAM / Iberia,LA 706 IB 543,2027-07-12 18:00,2027-07-14 07:40,1960,1,3130790,
2026-09-14,OJ-SCL-OPO-LIS-20270712-20270731,OJ,SCL,OPO,LIS,2027-07-12,2027-07-31,otro,1,brasil,GRU-IST,Turkish Airlines,TK 216 TK 216 TK 1451,2027-07-12 10:15,2027-07-13 15:40,1465,2,4184873,
2026-09-14,OJ-SCL-OPO-LIS-20270712-20270731,OJ,SCL,OPO,LIS,2027-07-12,2027-07-31,otro,2,madrid,MAD,LATAM / Air Europa,LA 706 UX 1141,2027-07-12 18:00,2027-07-13 19:20,1220,1,4694037,
2026-09-14,OJ-SCL-OPO-LIS-20270712-20270731,OJ,SCL,OPO,LIS,2027-07-12,2027-07-31,otro,3,lima,LIM-YUL,LATAM / Air Canada,LA 2444 AC 89 AC 928,2027-07-12 21:55,2027-07-14 10:00,1865,2,4833344,
2026-09-14,OJ-SCL-OPO-LIS-20270712-20270731,OJ,SCL,OPO,LIS,2027-07-12,2027-07-31,otro,4,otra,BOG-YUL,LATAM / Air Canada,LA 572 AC 99 AC 928,2027-07-12 23:05,2027-07-14 10:00,1795,2,4834278,
2026-09-14,OJ-SCL-OPO-LIS-20270712-20270731,OJ,SCL,OPO,LIS,2027-07-12,2027-07-31,otro,5,otra,EZE-AMS,KLM,KL 702 KL 702 KL 1577,2027-07-12 10:15,2027-07-13 22:15,1860,2,5451914,
2026-09-14,OJ-SCL-OPO-LIS-20270712-20270731,OJ,SCL,OPO,LIS,2027-07-12,2027-07-31,otro,6,otra,EZE-AMS,KLM,KL 702 KL 702 KL 1573,2027-07-12 10:15,2027-07-13 15:30,1455,2,5686348,
2026-09-14,OJ-SCL-OPO-LIS-20270712-20270731,OJ,SCL,OPO,LIS,2027-07-12,2027-07-31,otro,7,paris,CDG,Air France,AF 407 AF 1528,2027-07-12 10:10,2027-07-13 15:25,1455,1,5972172,
2026-09-14,OJ-SCL-OPO-LIS-20270712-20270731,OJ,SCL,OPO,LIS,2027-07-12,2027-07-31,otro,8,otra,MIA-PHL,American,AA 912 AA 1284 AA 1774,2027-07-12 20:35,2027-07-14 08:15,1840,2,6920238,
2026-09-14,OJ-SCL-LIS-OPO-20270712-20270731,OJ,SCL,LIS,OPO,2027-07-12,2027-07-31,mejor,0,madrid,MAD,Iberia,IB 118 IB 539,2027-07-12 11:40,2027-07-13 23:25,1845,1,2865635,
2026-09-14,OJ-SCL-LIS-OPO-20270712-20270731,OJ,SCL,LIS,OPO,2027-07-12,2027-07-31,mejor,1,madrid,MAD,Iberia,IB 118 IB 529,2027-07-12 11:40,2027-07-13 07:45,905,1,2919607,
2026-09-14,OJ-SCL-LIS-OPO-20270712-20270731,OJ,SCL,LIS,OPO,2027-07-12,2027-07-31,mejor,2,madrid,MAD,LATAM / Iberia,LA 706 IB 539,2027-07-12 18:00,2027-07-13 23:25,1465,1,3150305,
2026-09-14,OJ-SCL-LIS-OPO-20270712-20270731,OJ,SCL,LIS,OPO,2027-07-12,2027-07-31,mejor,3,madrid,MAD,LATAM / Iberia,LA 706 IB 533,2027-07-12 18:00,2027-07-13 16:05,1025,1,3368861,
2026-09-14,OJ-SCL-LIS-OPO-20270712-20270731,OJ,SCL,LIS,OPO,2027-07-12,2027-07-31,mejor,4,lima,LIM-MAD,LATAM / Iberia,LA 2378 IB 124 IB 529,2027-07-12 06:40,2027-07-13 07:45,1205,2,3830627,
2026-09-14,OJ-SCL-LIS-OPO-20270712-20270731,OJ,SCL,LIS,OPO,2027-07-12,2027-07-31,otro,0,brasil,GRU-IST,Turkish Airlines,TK 216 TK 216 TK 1759,2027-07-12 10:15,2027-07-13 15:35,1460,2,4153340,
2026-09-14,OJ-SCL-LIS-OPO-20270712-20270731,OJ,SCL,LIS,OPO,2027-07-12,2027-07-31,otro,1,brasil,GRU,LATAM,LA 750 LA 8146,2027-07-12 11:30,2027-07-13 07:10,880,1,4569822,
2026-09-14,OJ-SCL-LIS-OPO-20270712-20270731,OJ,SCL,LIS,OPO,2027-07-12,2027-07-31,otro,2,brasil,GRU,LATAM,LA 8155 LA 8148,2027-07-12 15:50,2027-07-13 12:20,930,1,4569822,
2026-09-14,OJ-SCL-LIS-OPO-20270712-20270731,OJ,SCL,LIS,OPO,2027-07-12,2027-07-31,otro,3,brasil,GRU,LATAM,LA 734 LA 8146,2027-07-12 20:35,2027-07-14 07:10,1775,1,4662711,
2026-09-14,OJ-SCL-LIS-OPO-20270712-20270731,OJ,SCL,LIS,OPO,2027-07-12,2027-07-31,otro,4,madrid,MAD,LATAM / Air Europa,LA 706 UX 1157,2027-07-12 18:00,2027-07-13 19:15,1215,1,4671951,
2026-09-14,OJ-SCL-LIS-OPO-20270712-20270731,OJ,SCL,LIS,OPO,2027-07-12,2027-07-31,otro,5,otra,BOG-YYZ,Avianca / Air Canada,AV 240 AC 95 AC 810,2027-07-12 00:30,2027-07-13 11:00,1770,2,5204910,
2026-09-14,OJ-SCL-LIS-OPO-20270712-20270731,OJ,SCL,LIS,OPO,2027-07-12,2027-07-31,otro,6,otra,EZE-AMS,KLM,KL 702 KL 702 KL 1583,2027-07-12 10:15,2027-07-13 14:35,1400,2,5664262,
2026-09-14,OJ-SCL-LIS-OPO-20270712-20270731,OJ,SCL,LIS,OPO,2027-07-12,2027-07-31,otro,7,paris,CDG,Air France,AF 407 AF 1024,2027-07-12 10:10,2027-07-13 11:15,1205,1,6471585,
2026-09-14,RT-SCL-OPO-20270710-20270729,RT,SCL,OPO,OPO,2027-07-10,2027-07-29,mejor,0,madrid,MAD,Iberia,IB 118 IB 543,2027-07-10 11:40,2027-07-11 07:40,900,1,2847567,
2026-09-14,RT-SCL-OPO-20270710-20270729,RT,SCL,OPO,OPO,2027-07-10,2027-07-29,mejor,1,madrid,MAD,Iberia,IB 114 IB 1153,2027-07-10 23:20,2027-07-11 20:00,940,1,2847567,
2026-09-14,RT-SCL-OPO-20270710-20270729,RT,SCL,OPO,OPO,2027-07-10,2027-07-29,mejor,2,madrid,MAD,LATAM / Iberia,LA 706 IB 1151,2027-07-10 18:00,2027-07-11 16:00,1020,1,3471479,
2026-09-14,RT-SCL-OPO-20270710-20270729,RT,SCL,OPO,OPO,2027-07-10,2027-07-29,otro,0,otra,BOG-YUL,Avianca / Air Canada,AV 240 AC 99 AC 928,2027-07-10 00:30,2027-07-11 10:00,1710,2,5478820,
2026-09-14,RT-SCL-OPO-20270710-20270729,RT,SCL,OPO,OPO,2027-07-10,2027-07-29,otro,1,otra,MIA-PHL,American,AA 912 AA 2124 AA 1774,2027-07-10 20:35,2027-07-12 08:15,1840,2,6025689,
2026-09-14,RT-SCL-OPO-20270710-20270729,RT,SCL,OPO,OPO,2027-07-10,2027-07-29,otro,2,paris,CDG,Air France,AF 407 AF 1528,2027-07-10 10:10,2027-07-11 15:25,1455,1,6319343,
2026-09-15,RT-SCL-OPO-20270712-20270731,RT,SCL,OPO,OPO,2027-07-12,2027-07-31,mejor,0,madrid,MAD,Iberia,IB 118 IB 543,2027-07-12 11:40,2027-07-13 07:40,900,1,2895342,
2026-09-15,RT-SCL-OPO-20270712-20270731,RT,SCL,OPO,OPO,2027-07-12,2027-07-31,mejor,1,brasil,GRU-MAD,LATAM / Air Europa,LA 8155 LA 8066 UX 1141,2027-07-12 15:50,2027-07-13 19:20,1350,2,3169395,
2026-09-15,RT-SCL-OPO-20270712-20270731,RT,SCL,OPO,OPO,2027-07-12,2027-07-31,mejor,2,madrid,MAD,LATAM / Iberia,LA 706 IB 1151,2027-07-12 18:00,2027-07-13 16:00,1020,1,3206532,
2026-09-15,RT-SCL-OPO-20270712-20270731,RT,SCL,OPO,OPO,2027-07-12,2027-07-31,mejor,3,madrid,MAD,LATAM / Air Europa,LA 706 UX 1141,2027-07-12 18:00,2027-07-13 19:20,1220,1,3382386,
2026-09-15,RT-SCL-OPO-20270712-20270731,RT,SCL,OPO,OPO,2027-07-12,2027-07-31,otro,0,madrid,MAD,LATAM / Air Europa,LA 706 UX 1147,2027-07-12 18:00,2027-07-14 06:45,1905,1,3161859,
2026-09-15,RT-SCL-OPO-20270712-20270731,RT,SCL,OPO,OPO,2027-07-12,2027-07-31,otro,1,madrid,MAD,LATAM / Iberia,LA 706 IB 543,2027-07-12 18:00,2027-07-14 07:40,1960,1,3164625,
2026-09-15,RT-SCL-OPO-20270712-20270731,RT,SCL,OPO,OPO,2027-07-12,2027-07-31,otro,2,brasil,GRU-MAD,LATAM / Iberia,LA 8155 LA 8066 IB 1151,2027-07-12 15:50,2027-07-13 16:00,1150,2,3804444,
2026-09-15,RT-SCL-OPO-20270712-20270731,RT,SCL,OPO,OPO,2027-07-12,2027-07-31,otro,3,brasil,GRU-IST,Turkish Airlines,TK 216 TK 216 TK 1451,2027-07-12 10:15,2027-07-13 15:40,1465,2,4193042,
2026-09-15,RT-SCL-OPO-20270712-20270731,RT,SCL,OPO,OPO,2027-07-12,2027-07-31,otro,4,lima,LIM-YUL,LATAM / Air Canada,LA 2444 AC 89 AC 928,2027-07-12 21:55,2027-07-14 10:00,1865,2,4459279,
2026-09-15,RT-SCL-OPO-20270712-20270731,RT,SCL,OPO,OPO,2027-07-12,2027-07-31,otro,5,otra,BOG-YUL,LATAM / Air Canada,LA 572 AC 99 AC 928,2027-07-12 23:05,2027-07-14 10:00,1795,2,4460222,
2026-09-15,RT-SCL-OPO-20270712-20270731,RT,SCL,OPO,OPO,2027-07-12,2027-07-31,otro,6,otra,EZE-AMS,KLM,KL 702 KL 702 KL 1577,2027-07-12 10:15,2027-07-13 22:15,1860,2,5481647,
2026-09-15,RT-SCL-OPO-20270712-20270731,RT,SCL,OPO,OPO,2027-07-12,2027-07-31,otro,7,otra,EZE-AMS,KLM,KL 702 KL 702 KL 1573,2027-07-12 10:15,2027-07-13 15:30,1455,2,5718340,
2026-09-15,RT-SCL-LIS-20270712-20270731,RT,SCL,LIS,LIS,2027-07-12,2027-07-31,mejor,0,madrid,MAD,Iberia,IB 118 IB 529,2027-07-12 11:40,2027-07-13 07:45,905,1,3101566,
2026-09-15,RT-SCL-LIS-20270712-20270731,RT,SCL,LIS,LIS,2027-07-12,2027-07-31,mejor,1,brasil,GRU,LATAM,LA 8155 LA 8148,2027-07-12 15:50,2027-07-13 12:20,930,1,3475383,
2026-09-15,RT-SCL-LIS-20270712-20270731,RT,SCL,LIS,LIS,2027-07-12,2027-07-31,mejor,2,brasil,GRU,LATAM,LA 762 LA 8146,2027-07-12 07:35,2027-07-13 07:10,1115,1,3560253,
2026-09-15,RT-SCL-LIS-20270712-20270731,RT,SCL,LIS,LIS,2027-07-12,2027-07-31,mejor,3,brasil,GRU,LATAM,LA 750 LA 8146,2027-07-12 11:30,2027-07-13 07:10,880,1,3860127,
2026-09-15,RT-SCL-LIS-20270712-20270731,RT,SCL,LIS,LIS,2027-07-12,2027-07-31,mejor,4,brasil,GRU-IST,Turkish Airlines,TK 216 TK 216 TK 1759,2027-07-12 10:15,2027-07-13 15:35,1460,2,4357772,
2026-09-15,RT-SCL-LIS-20270712-20270731,RT,SCL,LIS,LIS,2027-07-12,2027-07-31,otro,0,brasil,GRU,LATAM,LA 762 LA 8148,2027-07-12 07:35,2027-07-13 12:20,1425,1,4963851,
2026-09-15,RT-SCL-LIS-20270712-20270731,RT,SCL,LIS,LIS,2027-07-12,2027-07-31,otro,1,brasil,GRU,LATAM,LA 714 LA 8148,2027-07-12 15:55,2027-07-13 12:20,925,1,5427393,
2026-09-15,RT-SCL-LIS-20270712-20270731,RT,SCL,LIS,LIS,2027-07-12,2027-07-31,otro,2,otra,BOG-YYZ,Avianca / Air Canada,AV 240 AC 95 AC 810,2027-07-12 00:30,2027-07-13 11:00,1770,2,5576758,
2026-09-15,RT-SCL-LIS-20270712-20270731,RT,SCL,LIS,LIS,2027-07-12,2027-07-31,otro,3,paris,CDG,Air France,AF 407 AF 1024,2027-07-12 10:10,2027-07-13 11:15,1205,1,6555756,
2026-09-15,RT-SCL-LIS-20270712-20270731,RT,SCL,LIS,LIS,2027-07-12,2027-07-31,otro,4,otra,BOG-MAD,Avianca / Tap Air Portugal,AV 116 AV 10 TP 1017,2027-07-12 15:20,2027-07-13 18:25,1325,2,7735686,
2026-09-15,RT-CCP-OPO-20270712-20270731,RT,CCP,OPO,OPO,2027-07-12,2027-07-31,otro,0,madrid,SCL-MAD,LATAM / Iberia,LA 16 LA 706 IB 1151,2027-07-12 15:16,2027-07-13 16:00,1184,2,5250939,
2026-09-15,RT-CCP-OPO-20270712-20270731,RT,CCP,OPO,OPO,2027-07-12,2027-07-31,otro,1,madrid,SCL-MAD,LATAM / Iberia,LA 4 IB 118 IB 543,2027-07-12 07:41,2027-07-13 07:40,1139,2,5326598,
2026-09-15,RT-SCL-LIS-20270710-20270729,RT,SCL,LIS,LIS,2027-07-10,2027-07-29,mejor,0,madrid,MAD,Iberia,IB 114 IB 539,2027-07-10 23:20,2027-07-11 23:25,1145,1,2845070,
2026-09-15,RT-SCL-LIS-20270710-20270729,RT,SCL,LIS,LIS,2027-07-10,2027-07-29,mejor,1,madrid,MAD,Iberia,IB 114 IB 1145,2027-07-10 23:20,2027-07-11 20:05,945,1,2935598,
2026-09-15,RT-SCL-LIS-20270710-20270729,RT,SCL,LIS,LIS,2027-07-10,2027-07-29,mejor,2,brasil,GRU,LATAM,LA 754 LA 8148,2027-07-10 14:10,2027-07-11 12:20,1030,1,3291912,
2026-09-15,RT-SCL-LIS-20270710-20270729,RT,SCL,LIS,LIS,2027-07-10,2027-07-29,otro,0,madrid,MAD,Iberia,IB 118 IB 535,2027-07-10 11:40,2027-07-11 18:25,1545,1,2935598,
2026-09-15,RT-SCL-LIS-20270710-20270729,RT,SCL,LIS,LIS,2027-07-10,2027-07-29,otro,1,madrid,MAD,LATAM / Air Europa,LA 706 UX 1157,2027-07-10 18:00,2027-07-11 19:15,1215,1,3239307,
2026-09-15,RT-SCL-LIS-20270710-20270729,RT,SCL,LIS,LIS,2027-07-10,2027-07-29,otro,2,madrid,MAD,Iberia,IB 118 IB 531,2027-07-10 11:40,2027-07-11 11:50,1150,1,3298653,
2026-09-15,RT-SCL-LIS-20270710-20270729,RT,SCL,LIS,LIS,2027-07-10,2027-07-29,otro,3,brasil,GRU,LATAM,LA 762 LA 8146,2027-07-10 07:35,2027-07-11 07:10,1115,1,3591786,
2026-09-15,RT-SCL-LIS-20270710-20270729,RT,SCL,LIS,LIS,2027-07-10,2027-07-29,otro,4,brasil,GRU,LATAM,LA 714 LA 8148,2027-07-10 15:55,2027-07-11 12:20,925,1,3716262,
2026-09-15,RT-SCL-LIS-20270710-20270729,RT,SCL,LIS,LIS,2027-07-10,2027-07-29,otro,5,brasil,GRU,LATAM,LA 750 LA 8146,2027-07-10 11:30,2027-07-11 07:10,880,1,3871857,
2026-09-15,RT-SCL-LIS-20270710-20270729,RT,SCL,LIS,LIS,2027-07-10,2027-07-29,otro,6,brasil,GRU-IST,Turkish Airlines,TK 216 TK 216 TK 1759,2027-07-10 10:15,2027-07-11 15:50,1475,2,4095618,
2026-09-15,RT-SCL-LIS-20270710-20270729,RT,SCL,LIS,LIS,2027-07-10,2027-07-29,otro,7,otra,BOG-YUL,Avianca / Air Canada,AV 240 AC 99 AC 812,2027-07-10 00:30,2027-07-12 09:20,3110,2,4663042,
2026-09-15,RT-SCL-LIS-20270710-20270729,RT,SCL,LIS,LIS,2027-07-10,2027-07-29,otro,8,madrid,MAD-LHR,Iberia / British Airways,IB 118 BA 457 BA 504,2027-07-10 11:40,2027-07-11 16:20,1420,2,5281459,
2026-09-15,RT-SCL-LIS-20270710-20270729,RT,SCL,LIS,LIS,2027-07-10,2027-07-29,otro,9,otra,EZE-AMS,KLM,KL 702 KL 702 KL 1583,2027-07-10 10:15,2027-07-11 14:35,1400,2,6491850,
2026-09-15,RT-SCL-LIS-20270710-20270729,RT,SCL,LIS,LIS,2027-07-10,2027-07-29,otro,10,paris,CDG,Air France,AF 407 AF 1024,2027-07-10 10:10,2027-07-11 11:15,1205,1,6555756,
2026-09-15,RT-SCL-OPO-20270710-20270730,RT,SCL,OPO,OPO,2027-07-10,2027-07-30,mejor,0,madrid,MAD,Iberia,IB 118 IB 543,2027-07-10 11:40,2027-07-11 07:40,900,1,3146180,
2026-09-15,RT-SCL-OPO-20270710-20270730,RT,SCL,OPO,OPO,2027-07-10,2027-07-30,mejor,1,madrid,MAD,Iberia,IB 114 IB 1153,2027-07-10 23:20,2027-07-11 20:00,940,1,3146180,
2026-09-15,RT-SCL-OPO-20270710-20270730,RT,SCL,OPO,OPO,2027-07-10,2027-07-30,mejor,2,brasil,GRU-MAD,LATAM / Air Europa,LA 8155 LA 8066 UX 1141,2027-07-10 15:50,2027-07-11 19:20,1350,2,3169395,
2026-09-15,RT-SCL-OPO-20270710-20270730,RT,SCL,OPO,OPO,2027-07-10,2027-07-30,mejor,3,madrid,MAD,LATAM / Iberia,LA 706 IB 1153,2027-07-10 18:00,2027-07-11 20:00,1260,1,3301775,
2026-09-15,RT-SCL-OPO-20270710-20270730,RT,SCL,OPO,OPO,2027-07-10,2027-07-30,mejor,4,madrid,MAD,LATAM / Air Europa,LA 706 UX 1141,2027-07-10 18:00,2027-07-11 19:20,1220,1,3382386,
2026-09-15,RT-SCL-OPO-20270710-20270730,RT,SCL,OPO,OPO,2027-07-10,2027-07-30,otro,0,madrid,MAD,Iberia,IB 114 IB 543,2027-07-10 23:20,2027-07-12 07:40,1640,1,3092581,
2026-09-15,RT-SCL-OPO-20270710-20270730,RT,SCL,OPO,OPO,2027-07-10,2027-07-30,otro,1,madrid,MAD,LATAM / Air Europa,LA 706 UX 1147,2027-07-10 18:00,2027-07-12 06:45,1905,1,3161859,
2026-09-15,RT-SCL-OPO-20270710-20270730,RT,SCL,OPO,OPO,2027-07-10,2027-07-30,otro,2,madrid,MAD,LATAM / Iberia,LA 706 IB 1151,2027-07-10 18:00,2027-07-11 16:00,1020,1,3776104,
2026-09-15,RT-SCL-OPO-20270710-20270730,RT,SCL,OPO,OPO,2027-07-10,2027-07-30,otro,3,brasil,GRU-IST,Turkish Airlines,TK 216 TK 216 TK 1451,2027-07-10 10:15,2027-07-11 15:40,1465,2,4063851,
2026-09-15,RT-SCL-OPO-20270710-20270730,RT,SCL,OPO,OPO,2027-07-10,2027-07-30,otro,4,lima,LIM-MAD,LATAM / Iberia,LA 2412 LA 2484 IB 1153,2027-07-10 18:00,2027-07-11 20:00,1260,2,4939857,
2026-09-15,RT-SCL-OPO-20270710-20270730,RT,SCL,OPO,OPO,2027-07-10,2027-07-30,otro,5,otra,BOG-YUL,Avianca / Air Canada,AV 240 AC 99 AC 928,2027-07-10 00:30,2027-07-11 10:00,1710,2,6058696,
2026-09-15,RT-SCL-OPO-20270710-20270730,RT,SCL,OPO,OPO,2027-07-10,2027-07-30,otro,6,paris,CDG,Air France,AF 407 AF 1528,2027-07-10 10:10,2027-07-11 15:25,1455,1,6903780,
2026-09-15,RT-SCL-LIS-20270710-20270730,RT,SCL,LIS,LIS,2027-07-10,2027-07-30,mejor,0,madrid,MAD,Iberia,IB 114 IB 539,2027-07-10 23:20,2027-07-11 23:25,1145,1,3225951,
2026-09-15,RT-SCL-LIS-20270710-20270730,RT,SCL,LIS,LIS,2027-07-10,2027-07-30,mejor,1,madrid,MAD,Iberia,IB 114 IB 1145,2027-07-10 23:20,2027-07-11 20:05,945,1,3316479,
2026-09-15,RT-SCL-LIS-20270710-20270730,RT,SCL,LIS,LIS,2027-07-10,2027-07-30,mejor,2,brasil,GRU,LATAM,LA 714 LA 8148,2027-07-10 15:55,2027-07-11 12:20,925,1,3982377,
2026-09-15,RT-SCL-LIS-20270710-20270730,RT,SCL,LIS,LIS,2027-07-10,2027-07-30,otro,0,madrid,MAD,Iberia,IB 118 IB 531,2027-07-10 11:40,2027-07-11 11:50,1150,1,3679534,
2026-09-15,RT-SCL-LIS-20270710-20270730,RT,SCL,LIS,LIS,2027-07-10,2027-07-30,otro,1,brasil,GRU,LATAM,LA 762 LA 8146,2027-07-10 07:35,2027-07-11 07:10,1115,1,3857901,
2026-09-15,RT-SCL-LIS-20270710-20270730,RT,SCL,LIS,LIS,2027-07-10,2027-07-30,otro,2,brasil,GRU-IST,Turkish Airlines,TK 216 TK 216 TK 1759,2027-07-10 10:15,2027-07-11 15:50,1475,2,4095618,
2026-09-15,RT-SCL-LIS-20270710-20270730,RT,SCL,LIS,LIS,2027-07-10,2027-07-30,otro,3,brasil,GRU,LATAM,LA 750 LA 8146,2027-07-10 11:30,2027-07-11 07:10,880,1,4137972,
2026-09-15,RT-SCL-LIS-20270710-20270730,RT,SCL,LIS,LIS,2027-07-10,2027-07-30,otro,4,otra,BOG-YUL,Avianca / Air Canada,AV 240 AC 99 AC 812,2027-07-10 00:30,2027-07-12 09:20,3110,2,5069286,
2026-09-15,RT-SCL-LIS-20270710-20270730,RT,SCL,LIS,LIS,2027-07-10,2027-07-30,otro,5,otra,EZE-AMS,KLM,KL 702 KL 702 KL 1583,2027-07-10 10:15,2027-07-11 14:35,1400,2,6927825,
2026-09-15,RT-SCL-LIS-20270710-20270730,RT,SCL,LIS,LIS,2027-07-10,2027-07-30,otro,6,paris,CDG,Air France,AF 407 AF 1024,2027-07-10 10:10,2027-07-11 11:15,1205,1,7452549,
2026-09-15,RT-SCL-OPO-20270712-20270731,RT,SCL,OPO,OPO,2027-07-12,2027-07-31,mejor,0,madrid,MAD,Iberia,IB 118 · IB 543,2027-07-12 11:40,2027-07-13 07:40,900,1,2923723,
2026-09-15,RT-SCL-OPO-20270712-20270731,RT,SCL,OPO,OPO,2027-07-12,2027-07-31,mejor,1,madrid,MAD,LATAM / Iberia,LA 706 · IB 1151,2027-07-12 18:00,2027-07-13 16:00,1020,1,3234913,
2026-09-15,RT-SCL-OPO-20270712-20270731,RT,SCL,OPO,OPO,2027-07-12,2027-07-31,otro,0,paris,CDG,Air France,AF 407 · AF 1528,2027-07-12 10:10,2027-07-13 15:25,1455,1,6533508,
2026-09-15,RT-SCL-OPO-20270712-20270731,RT,SCL,OPO,OPO,2027-07-12,2027-07-31,otro,1,otra,MIA-PHL,American,AA 912 · AA 1284 · AA 1774,2027-07-12 20:35,2027-07-14 08:15,1840,2,6581439,
2026-09-15,RT-SCL-OPO-20270712-20270731,RT,SCL,OPO,OPO,2027-07-12,2027-07-31,otro,2,otra,MIA-PHL,American,AA 912 · AA 2764 · AA 1774,2027-07-12 20:35,2027-07-14 08:15,1840,2,6581439,
2026-09-15,RT-SCL-OPO-20270712-20270731,RT,SCL,OPO,OPO,2027-07-12,2027-07-31,otro,3,otra,MIA-PHL,American,AA 912 · AA 2124 · AA 1774,2027-07-12 20:35,2027-07-14 08:15,1840,2,6581439,
2026-09-15,RT-SCL-LIS-20270712-20270731,RT,SCL,LIS,LIS,2027-07-12,2027-07-31,mejor,0,madrid,MAD,Iberia,IB 118 · IB 529,2027-07-12 11:40,2027-07-13 07:45,905,1,3101566,
2026-09-15,RT-SCL-LIS-20270712-20270731,RT,SCL,LIS,LIS,2027-07-12,2027-07-31,mejor,1,brasil,GRU,LATAM,LA 8155 · LA 8148,2027-07-12 15:50,2027-07-13 12:20,930,1,3475383,
2026-09-15,RT-SCL-LIS-20270712-20270731,RT,SCL,LIS,LIS,2027-07-12,2027-07-31,mejor,2,brasil,GRU,LATAM,LA 762 · LA 8146,2027-07-12 07:35,2027-07-13 07:10,1115,1,3560253,
2026-09-15,RT-SCL-LIS-20270712-20270731,RT,SCL,LIS,LIS,2027-07-12,2027-07-31,mejor,3,brasil,GRU,LATAM,LA 750 · LA 8146,2027-07-12 11:30,2027-07-13 07:10,880,1,3860127,
2026-09-15,RT-SCL-LIS-20270712-20270731,RT,SCL,LIS,LIS,2027-07-12,2027-07-31,mejor,4,brasil,GRU-IST,Turkish Airlines,TK 216 · TK 216 · TK 1759,2027-07-12 10:15,2027-07-13 15:35,1460,2,4357772,
2026-09-15,RT-SCL-LIS-20270712-20270731,RT,SCL,LIS,LIS,2027-07-12,2027-07-31,otro,0,brasil,GRU,LATAM,LA 762 · LA 8148,2027-07-12 07:35,2027-07-13 12:20,1425,1,4963851,
2026-09-15,RT-SCL-LIS-20270712-20270731,RT,SCL,LIS,LIS,2027-07-12,2027-07-31,otro,1,brasil,GRU,LATAM,LA 714 · LA 8148,2027-07-12 15:55,2027-07-13 12:20,925,1,5427393,
2026-09-15,RT-SCL-LIS-20270712-20270731,RT,SCL,LIS,LIS,2027-07-12,2027-07-31,otro,2,otra,BOG-YYZ,Avianca / Air Canada,AV 240 · AC 95 · AC 810,2027-07-12 00:30,2027-07-13 11:00,1770,2,5645041,
2026-09-15,RT-SCL-LIS-20270712-20270731,RT,SCL,LIS,LIS,2027-07-12,2027-07-31,otro,3,paris,CDG,Air France,AF 407 · AF 1024,2027-07-12 10:10,2027-07-13 11:15,1205,1,6555756,
2026-09-15,RT-SCL-LIS-20270712-20270731,RT,SCL,LIS,LIS,2027-07-12,2027-07-31,otro,4,otra,BOG-MAD,Avianca / Tap Air Portugal,AV 116 · AV 10 · TP 1017,2027-07-12 15:20,2027-07-13 18:25,1325,2,7735686,
2026-09-15,RT-CCP-OPO-20270712-20270731,RT,CCP,OPO,OPO,2027-07-12,2027-07-31,mejor,0,madrid,SCL-MAD,LATAM / Iberia,LA 14 · IB 118 · IB 1149,2027-07-12 20:51,2027-07-14 11:45,2034,2,4623408,
2026-09-15,RT-CCP-OPO-20270712-20270731,RT,CCP,OPO,OPO,2027-07-12,2027-07-31,mejor,1,madrid,SCL-MAD,LATAM / Air Europa,LA 6 · LA 706 · UX 1141,2027-07-12 14:44,2027-07-13 19:20,1416,2,4901082,
2026-09-15,RT-CCP-OPO-20270712-20270731,RT,CCP,OPO,OPO,2027-07-12,2027-07-31,mejor,2,madrid,SCL-MAD,LATAM / Air Europa,LA 16 · LA 706 · UX 1141,2027-07-12 15:16,2027-07-13 19:20,1384,2,4941336,
2026-09-15,RT-CCP-OPO-20270712-20270731,RT,CCP,OPO,OPO,2027-07-12,2027-07-31,mejor,3,madrid,SCL-MAD,LATAM / Iberia,LA 16 · LA 706 · IB 1151,2027-07-12 15:16,2027-07-13 16:00,1184,2,5322456,
2026-09-15,RT-CCP-OPO-20270712-20270731,RT,CCP,OPO,OPO,2027-07-12,2027-07-31,mejor,4,madrid,SCL-MAD,LATAM / Iberia,LA 4 · IB 118 · IB 543,2027-07-12 07:41,2027-07-13 07:40,1139,2,5326598,
2026-09-15,RT-CCP-OPO-20270712-20270731,RT,CCP,OPO,OPO,2027-07-12,2027-07-31,otro,0,madrid,SCL-MAD,LATAM / Air Europa,LA 212 · LA 706 · UX 1141,2027-07-12 06:31,2027-07-13 19:20,1909,2,4869819,
2026-09-15,RT-CCP-OPO-20270712-20270731,RT,CCP,OPO,OPO,2027-07-12,2027-07-31,otro,1,madrid,SCL-MAD,LATAM / Air Europa,LA 16 · LA 706 · UX 1147,2027-07-12 15:16,2027-07-14 06:45,2069,2,4893546,
2026-09-15,RT-CCP-OPO-20270712-20270731,RT,CCP,OPO,OPO,2027-07-12,2027-07-31,otro,2,madrid,SCL-MAD,LATAM / Iberia,LA 14 · IB 118 · IB 543,2027-07-12 20:51,2027-07-14 07:40,1789,2,5296548,
2026-09-15,RT-SCL-LIS-20270712-20270731-LA,RT,SCL,LIS,LIS,2027-07-12,2027-07-31,otro,0,brasil,GRU,LATAM,LA 8155 · LA 8148,2027-07-12 15:50,2027-07-13 12:20,930,1,3475383,
2026-09-15,RT-SCL-LIS-20270712-20270731-LA,RT,SCL,LIS,LIS,2027-07-12,2027-07-31,otro,1,brasil,GRU,LATAM,LA 762 · LA 8146,2027-07-12 07:35,2027-07-13 07:10,1115,1,3560253,
2026-09-15,RT-SCL-LIS-20270712-20270731-LA,RT,SCL,LIS,LIS,2027-07-12,2027-07-31,otro,2,brasil,GRU,LATAM,LA 750 · LA 8146,2027-07-12 11:30,2027-07-13 07:10,880,1,3860127,
2026-09-15,RT-SCL-LIS-20270712-20270731-LA,RT,SCL,LIS,LIS,2027-07-12,2027-07-31,otro,3,brasil,GRU,LATAM,LA 714 · LA 8148,2027-07-12 15:55,2027-07-13 12:20,925,1,5427393,
2026-09-15,RT-SCL-OPO-20270712-20270801,RT,SCL,OPO,OPO,2027-07-12,2027-08-01,otro,0,madrid,MAD,Iberia,IB 118 · IB 543,2027-07-12 11:40,2027-07-13 07:40,900,1,2719092,"Vuelta verificada: IB 544 · IB 113, sale 2027-08-01 08:20, llega 2027-08-01 21:40"
2026-09-16,RT-SCL-OPO-20270712-20270731,RT,SCL,OPO,OPO,2027-07-12,2027-07-31,mejor,0,madrid,MAD,Iberia,IB 118 · IB 543,2027-07-12 11:40,2027-07-13 07:40,900,1,2900553,
2026-09-16,RT-SCL-OPO-20270712-20270731,RT,SCL,OPO,OPO,2027-07-12,2027-07-31,mejor,1,brasil,GRU-MAD,LATAM / Air Europa,LA 8155 · LA 8066 · UX 1141,2027-07-12 15:50,2027-07-13 19:20,1350,2,3174972,
2026-09-16,RT-SCL-OPO-20270712-20270731,RT,SCL,OPO,OPO,2027-07-12,2027-07-31,mejor,2,madrid,MAD,LATAM / Iberia,LA 706 · IB 1151,2027-07-12 18:00,2027-07-13 16:00,1020,1,3212403,
2026-09-16,RT-SCL-OPO-20270712-20270731,RT,SCL,OPO,OPO,2027-07-12,2027-07-31,mejor,3,madrid,MAD,LATAM / Air Europa,LA 706 · UX 1141,2027-07-12 18:00,2027-07-13 19:20,1220,1,3388410,
2026-09-16,RT-SCL-OPO-20270712-20270731,RT,SCL,OPO,OPO,2027-07-12,2027-07-31,otro,0,madrid,MAD,LATAM / Air Europa,LA 706 · UX 1147,2027-07-12 18:00,2027-07-14 06:45,1905,1,3167331,
2026-09-16,RT-SCL-OPO-20270712-20270731,RT,SCL,OPO,OPO,2027-07-12,2027-07-31,otro,1,madrid,MAD,LATAM / Iberia,LA 706 · IB 543,2027-07-12 18:00,2027-07-14 07:40,1960,1,3170568,
2026-09-16,RT-SCL-OPO-20270712-20270731,RT,SCL,OPO,OPO,2027-07-12,2027-07-31,otro,2,brasil,GRU-MAD,LATAM / Iberia,LA 8155 · LA 8066 · IB 1151,2027-07-12 15:50,2027-07-13 16:00,1150,2,3809589,
2026-09-16,RT-SCL-OPO-20270712-20270731,RT,SCL,OPO,OPO,2027-07-12,2027-07-31,otro,3,brasil,GRU-IST,Turkish Airlines,TK 216 · TK 216 · TK 1451,2027-07-12 10:15,2027-07-13 15:40,1465,2,4201383,
2026-09-16,RT-SCL-OPO-20270712-20270731,RT,SCL,OPO,OPO,2027-07-12,2027-07-31,otro,4,lima,LIM-YUL,LATAM / Air Canada,LA 2444 · AC 89 · AC 928,2027-07-12 21:55,2027-07-14 10:00,1865,2,4468338,
2026-09-16,RT-SCL-OPO-20270712-20270731,RT,SCL,OPO,OPO,2027-07-12,2027-07-31,otro,5,otra,BOG-YUL,LATAM / Air Canada,LA 572 · AC 99 · AC 928,2027-07-12 23:05,2027-07-14 10:00,1795,2,4469283,
2026-09-16,RT-SCL-OPO-20270712-20270731,RT,SCL,OPO,OPO,2027-07-12,2027-07-31,otro,6,otra,EZE-AMS,KLM,KL 702 · KL 702 · KL 1577,2027-07-12 10:15,2027-07-13 22:15,1860,2,5492409,
2026-09-16,RT-SCL-OPO-20270712-20270731,RT,SCL,OPO,OPO,2027-07-12,2027-07-31,otro,7,otra,EZE-AMS,KLM,KL 702 · KL 702 · KL 1573,2027-07-12 10:15,2027-07-13 15:30,1455,2,5729604,
2026-09-16,RT-SCL-LIS-20270712-20270731,RT,SCL,LIS,LIS,2027-07-12,2027-07-31,mejor,0,madrid,MAD,Iberia,IB 118 · IB 529,2027-07-12 11:40,2027-07-13 07:45,905,1,3107499,
2026-09-16,RT-SCL-LIS-20270712-20270731,RT,SCL,LIS,LIS,2027-07-12,2027-07-31,mejor,1,brasil,GRU,LATAM,LA 8155 · LA 8148,2027-07-12 15:50,2027-07-13 12:20,930,1,3482262,
2026-09-16,RT-SCL-LIS-20270712-20270731,RT,SCL,LIS,LIS,2027-07-12,2027-07-31,mejor,2,brasil,GRU,LATAM,LA 762 · LA 8146,2027-07-12 07:35,2027-07-13 07:10,1115,1,3567312,
2026-09-16,RT-SCL-LIS-20270712-20270731,RT,SCL,LIS,LIS,2027-07-12,2027-07-31,mejor,3,brasil,GRU,LATAM,LA 750 · LA 8146,2027-07-12 11:30,2027-07-13 07:10,880,1,3867822,
2026-09-16,RT-SCL-LIS-20270712-20270731,RT,SCL,LIS,LIS,2027-07-12,2027-07-31,mejor,4,brasil,GRU-IST,Turkish Airlines,TK 216 · TK 216 · TK 1759,2027-07-12 10:15,2027-07-13 15:35,1460,2,4366341,
2026-09-16,RT-SCL-LIS-20270712-20270731,RT,SCL,LIS,LIS,2027-07-12,2027-07-31,otro,0,brasil,GRU,LATAM,LA 8153 · LA 8146,2027-07-12 04:45,2027-07-13 07:10,1285,1,4973304,
2026-09-16,RT-SCL-LIS-20270712-20270731,RT,SCL,LIS,LIS,2027-07-12,2027-07-31,otro,1,otra,BOG-YYZ,Avianca / Air Canada,AV 240 · AC 95 · AC 810,2027-07-12 00:30,2027-07-13 11:00,1770,2,5254686,
2026-09-16,RT-SCL-LIS-20270712-20270731,RT,SCL,LIS,LIS,2027-07-12,2027-07-31,otro,2,brasil,GRU,LATAM,LA 714 · LA 8148,2027-07-12 15:55,2027-07-13 12:20,925,1,5438412,
2026-09-16,RT-SCL-LIS-20270712-20270731,RT,SCL,LIS,LIS,2027-07-12,2027-07-31,otro,3,paris,CDG,Air France,AF 407 · AF 1024,2027-07-12 10:10,2027-07-13 11:15,1205,1,6568839,
2026-09-16,RT-SCL-LIS-20270712-20270731,RT,SCL,LIS,LIS,2027-07-12,2027-07-31,otro,4,otra,BOG-MAD,Avianca / Tap Air Portugal,AV 116 · AV 10 · TP 1017,2027-07-12 15:20,2027-07-13 18:25,1325,2,7638254,
2026-09-16,RT-CCP-OPO-20270712-20270731,RT,CCP,OPO,OPO,2027-07-12,2027-07-31,mejor,0,madrid,SCL-MAD,LATAM / Iberia,LA 14 · IB 118 · IB 1149,2027-07-12 20:51,2027-07-14 11:45,2034,2,4632549,
2026-09-16,RT-CCP-OPO-20270712-20270731,RT,CCP,OPO,OPO,2027-07-12,2027-07-31,mejor,1,madrid,SCL-MAD,LATAM / Air Europa,LA 6 · LA 706 · UX 1141,2027-07-12 14:44,2027-07-13 19:20,1416,2,4910811,
2026-09-16,RT-CCP-OPO-20270712-20270731,RT,CCP,OPO,OPO,2027-07-12,2027-07-31,mejor,2,madrid,SCL-MAD,LATAM / Air Europa,LA 16 · LA 706 · UX 1141,2027-07-12 15:16,2027-07-13 19:20,1384,2,4951029,
2026-09-16,RT-CCP-OPO-20270712-20270731,RT,CCP,OPO,OPO,2027-07-12,2027-07-31,mejor,3,madrid,SCL-MAD,LATAM / Iberia,LA 16 · LA 706 · IB 1151,2027-07-12 15:16,2027-07-13 16:00,1184,2,5331183,
2026-09-16,RT-CCP-OPO-20270712-20270731,RT,CCP,OPO,OPO,2027-07-12,2027-07-31,mejor,4,madrid,SCL-MAD,LATAM / Iberia,LA 4 · IB 118 · IB 543,2027-07-12 07:41,2027-07-13 07:40,1139,2,5337231,
2026-09-16,RT-CCP-OPO-20270712-20270731,RT,CCP,OPO,OPO,2027-07-12,2027-07-31,otro,0,madrid,SCL-MAD,LATAM / Air Europa,LA 212 · LA 706 · UX 1141,2027-07-12 06:31,2027-07-13 19:20,1909,2,4879482,
2026-09-16,RT-CCP-OPO-20270712-20270731,RT,CCP,OPO,OPO,2027-07-12,2027-07-31,otro,1,madrid,SCL-MAD,LATAM / Air Europa,LA 16 · LA 706 · UX 1147,2027-07-12 15:16,2027-07-14 06:45,2069,2,4934499,
2026-09-16,RT-CCP-OPO-20270712-20270731,RT,CCP,OPO,OPO,2027-07-12,2027-07-31,otro,2,madrid,SCL-MAD,LATAM / Iberia,LA 14 · IB 118 · IB 543,2027-07-12 20:51,2027-07-14 07:40,1789,2,5539491,
2026-09-16,RT-SCL-OPO-20270710-20270731,RT,SCL,OPO,OPO,2027-07-10,2027-07-31,mejor,0,madrid,MAD,Iberia,IB 118 · IB 543,2027-07-10 11:40,2027-07-11 07:40,900,1,3056478,
2026-09-16,RT-SCL-OPO-20270710-20270731,RT,SCL,OPO,OPO,2027-07-10,2027-07-31,mejor,1,madrid,MAD,Iberia,IB 114 · IB 1153,2027-07-10 23:20,2027-07-11 20:00,940,1,3056478,
2026-09-16,RT-SCL-OPO-20270710-20270731,RT,SCL,OPO,OPO,2027-07-10,2027-07-31,mejor,2,brasil,GRU-MAD,LATAM / Air Europa,LA 8155 · LA 8066 · UX 1141,2027-07-10 15:50,2027-07-11 19:20,1350,2,3174972,
2026-09-16,RT-SCL-OPO-20270710-20270731,RT,SCL,OPO,OPO,2027-07-10,2027-07-31,mejor,3,madrid,MAD,LATAM / Iberia,LA 706 · IB 1153,2027-07-10 18:00,2027-07-11 20:00,1260,1,3212403,
2026-09-16,RT-SCL-OPO-20270710-20270731,RT,SCL,OPO,OPO,2027-07-10,2027-07-31,mejor,4,madrid,MAD,LATAM / Air Europa,LA 706 · UX 1141,2027-07-10 18:00,2027-07-11 19:20,1220,1,3388410,
2026-09-16,RT-SCL-OPO-20270710-20270731,RT,SCL,OPO,OPO,2027-07-10,2027-07-31,otro,0,madrid,MAD,Iberia,IB 114 · IB 543,2027-07-10 23:20,2027-07-12 07:40,1640,1,3001731,
2026-09-16,RT-SCL-OPO-20270710-20270731,RT,SCL,OPO,OPO,2027-07-10,2027-07-31,otro,1,madrid,MAD,LATAM / Air Europa,LA 706 · UX 1147,2027-07-10 18:00,2027-07-12 06:45,1905,1,3167331,
2026-09-16,RT-SCL-OPO-20270710-20270731,RT,SCL,OPO,OPO,2027-07-10,2027-07-31,otro,2,brasil,GRU-MAD,LATAM / Air Europa,LA 8155 · LA 8076 · UX 1141,2027-07-10 15:50,2027-07-11 19:20,1350,2,3174972,
2026-09-16,RT-SCL-OPO-20270710-20270731,RT,SCL,OPO,OPO,2027-07-10,2027-07-31,otro,3,madrid,MAD,LATAM / Iberia,LA 706 · IB 1151,2027-07-10 18:00,2027-07-11 16:00,1020,1,3687738,
2026-09-16,RT-SCL-OPO-20270710-20270731,RT,SCL,OPO,OPO,2027-07-10,2027-07-31,otro,4,brasil,GRU-IST,Turkish Airlines,TK 216 · TK 216 · TK 1451,2027-07-10 10:15,2027-07-11 15:40,1465,2,4201383,
2026-09-16,RT-SCL-OPO-20270710-20270731,RT,SCL,OPO,OPO,2027-07-10,2027-07-31,otro,5,lima,LIM-MAD,LATAM / Iberia,LA 2412 · LA 2484 · IB 1153,2027-07-10 18:00,2027-07-11 20:00,1260,2,4949772,
2026-09-16,RT-SCL-OPO-20270710-20270731,RT,SCL,OPO,OPO,2027-07-10,2027-07-31,otro,6,otra,BOG-YUL,Avianca / Air Canada,AV 240 · AC 99 · AC 928,2027-07-10 00:30,2027-07-11 10:00,1710,2,5603399,
2026-09-16,RT-SCL-OPO-20270710-20270731,RT,SCL,OPO,OPO,2027-07-10,2027-07-31,otro,7,otra,EZE-AMS,KLM,KL 702 · KL 702 · KL 1573,2027-07-10 10:15,2027-07-11 15:30,1455,2,6019719,
2026-09-16,RT-SCL-LIS-20270710-20270731,RT,SCL,LIS,LIS,2027-07-10,2027-07-31,mejor,0,madrid,MAD,Iberia,IB 114 · IB 539,2027-07-10 23:20,2027-07-11 23:25,1145,1,3185934,
2026-09-16,RT-SCL-LIS-20270710-20270731,RT,SCL,LIS,LIS,2027-07-10,2027-07-31,mejor,1,madrid,MAD,Iberia,IB 114 · IB 1145,2027-07-10 23:20,2027-07-11 20:05,945,1,3276654,
2026-09-16,RT-SCL-LIS-20270710-20270731,RT,SCL,LIS,LIS,2027-07-10,2027-07-31,mejor,2,brasil,GRU,LATAM,LA 8155 · LA 8148,2027-07-10 15:50,2027-07-11 12:20,930,1,3482262,
2026-09-16,RT-SCL-LIS-20270710-20270731,RT,SCL,LIS,LIS,2027-07-10,2027-07-31,otro,0,madrid,MAD,Iberia,IB 118 · IB 535,2027-07-10 11:40,2027-07-11 18:25,1545,1,3276654,
2026-09-16,RT-SCL-LIS-20270710-20270731,RT,SCL,LIS,LIS,2027-07-10,2027-07-31,otro,1,madrid,MAD,Iberia,IB 118 · IB 531,2027-07-10 11:40,2027-07-11 11:50,1150,1,3640479,
2026-09-16,RT-SCL-LIS-20270710-20270731,RT,SCL,LIS,LIS,2027-07-10,2027-07-31,otro,2,brasil,GRU,LATAM,LA 762 · LA 8146,2027-07-10 07:35,2027-07-11 07:10,1115,1,3867822,
2026-09-16,RT-SCL-LIS-20270710-20270731,RT,SCL,LIS,LIS,2027-07-10,2027-07-31,otro,3,brasil,GRU,LATAM,LA 750 · LA 8146,2027-07-10 11:30,2027-07-11 07:10,880,1,4148487,
2026-09-16,RT-SCL-LIS-20270710-20270731,RT,SCL,LIS,LIS,2027-07-10,2027-07-31,otro,4,brasil,GRU,LATAM,LA 714 · LA 8148,2027-07-10 15:55,2027-07-11 12:20,925,1,4148487,
2026-09-16,RT-SCL-LIS-20270710-20270731,RT,SCL,LIS,LIS,2027-07-10,2027-07-31,otro,5,brasil,GRU-IST,Turkish Airlines,TK 216 · TK 216 · TK 1759,2027-07-10 10:15,2027-07-11 15:50,1475,2,4366341,
2026-09-16,RT-SCL-LIS-20270710-20270731,RT,SCL,LIS,LIS,2027-07-10,2027-07-31,otro,6,brasil,GRU,LATAM,LA 762 · LA 8148,2027-07-10 07:35,2027-07-11 12:20,1425,1,5273814,
2026-09-16,RT-SCL-LIS-20270710-20270731,RT,SCL,LIS,LIS,2027-07-10,2027-07-31,otro,7,brasil,GRU,LATAM,LA 8153 · LA 8146,2027-07-10 04:45,2027-07-11 07:10,1285,1,5554479,
2026-09-16,RT-SCL-LIS-20270710-20270731,RT,SCL,LIS,LIS,2027-07-10,2027-07-31,otro,8,madrid,MAD-LHR,Iberia / British Airways,IB 118 · BA 457 · BA 504,2027-07-10 11:40,2027-07-11 16:20,1420,2,6176150,
2026-09-16,RT-SCL-LIS-20270710-20270731,RT,SCL,LIS,LIS,2027-07-10,2027-07-31,otro,9,otra,EZE-AMS,KLM,KL 702 · KL 702 · KL 1583,2027-07-10 10:15,2027-07-11 14:35,1400,2,6941571,
2026-09-16,RT-SCL-LIS-20270710-20270731,RT,SCL,LIS,LIS,2027-07-10,2027-07-31,otro,10,paris,CDG,Air France,AF 407 · AF 1024,2027-07-10 10:10,2027-07-11 11:15,1205,1,7467534,
2026-09-16,RT-SCL-OPO-20270710-20270801,RT,SCL,OPO,OPO,2027-07-10,2027-08-01,otro,0,madrid,MAD,Iberia,IB 118 · IB 543,2027-07-10 11:40,2027-07-11 07:40,900,1,2880222,"Vuelta verificada: IB 544 · IB 113, sale 2027-08-01 08:20, llega 2027-08-01 21:40"
2026-09-17,RT-SCL-OPO-20270712-20270731,RT,SCL,OPO,OPO,2027-07-12,2027-07-31,mejor,0,madrid,MAD,Iberia,IB 118 · IB 543,2027-07-12 11:40,2027-07-13 07:40,900,1,3075773,
2026-09-17,RT-SCL-OPO-20270712-20270731,RT,SCL,OPO,OPO,2027-07-12,2027-07-31,mejor,1,madrid,MAD,LATAM / Iberia,LA 706 · IB 1151,2027-07-12 18:00,2027-07-13 16:00,1020,1,3389273,
2026-09-17,RT-SCL-OPO-20270712-20270731,RT,SCL,OPO,OPO,2027-07-12,2027-07-31,otro,0,paris,CDG,Air France,AF 407 · AF 1528,2027-07-12 10:10,2027-07-13 15:25,1455,1,6581007,
2026-09-17,RT-SCL-OPO-20270712-20270731,RT,SCL,OPO,OPO,2027-07-12,2027-07-31,otro,1,otra,MIA-PHL,American,AA 912 · AA 1284 · AA 1774,2027-07-12 20:35,2027-07-14 08:15,1840,2,6629787,
2026-09-17,RT-SCL-OPO-20270712-20270731,RT,SCL,OPO,OPO,2027-07-12,2027-07-31,otro,2,otra,MIA-PHL,American,AA 912 · AA 2764 · AA 1774,2027-07-12 20:35,2027-07-14 08:15,1840,2,6629787,
2026-09-17,RT-SCL-OPO-20270712-20270731,RT,SCL,OPO,OPO,2027-07-12,2027-07-31,otro,3,otra,MIA-PHL,American,AA 912 · AA 2124 · AA 1774,2027-07-12 20:35,2027-07-14 08:15,1840,2,6629787,
2026-09-17,RT-SCL-LIS-20270712-20270731,RT,SCL,LIS,LIS,2027-07-12,2027-07-31,mejor,0,madrid,MAD,Iberia,IB 118 · IB 529,2027-07-12 11:40,2027-07-13 07:45,905,1,3123722,
2026-09-17,RT-SCL-LIS-20270712-20270731,RT,SCL,LIS,LIS,2027-07-12,2027-07-31,mejor,1,brasil,GRU,LATAM,LA 762 · LA 8146,2027-07-12 07:35,2027-07-13 07:10,1115,1,3586017,
2026-09-17,RT-SCL-LIS-20270712-20270731,RT,SCL,LIS,LIS,2027-07-12,2027-07-31,mejor,2,brasil,GRU,LATAM,LA 8155 · LA 8148,2027-07-12 15:50,2027-07-13 12:20,930,1,3586017,
2026-09-17,RT-SCL-LIS-20270712-20270731,RT,SCL,LIS,LIS,2027-07-12,2027-07-31,mejor,3,brasil,GRU,LATAM,LA 750 · LA 8146,2027-07-12 11:30,2027-07-13 07:10,880,1,3888117,
2026-09-17,RT-SCL-LIS-20270712-20270731,RT,SCL,LIS,LIS,2027-07-12,2027-07-31,mejor,4,brasil,GRU-IST,Turkish Airlines,TK 216 · TK 216 · TK 1759,2027-07-12 10:15,2027-07-13 15:35,1460,2,4389217,
2026-09-17,RT-SCL-LIS-20270712-20270731,RT,SCL,LIS,LIS,2027-07-12,2027-07-31,otro,0,brasil,GRU,LATAM,LA 8153 · LA 8146,2027-07-12 04:45,2027-07-13 07:10,1285,1,4999242,
2026-09-17,RT-SCL-LIS-20270712-20270731,RT,SCL,LIS,LIS,2027-07-12,2027-07-31,otro,1,otra,BOG-YYZ,Avianca / Air Canada,AV 240 · AC 95 · AC 810,2027-07-12 00:30,2027-07-13 11:00,1770,2,5262967,
2026-09-17,RT-SCL-LIS-20270712-20270731,RT,SCL,LIS,LIS,2027-07-12,2027-07-31,otro,2,brasil,GRU,LATAM,LA 714 · LA 8148,2027-07-12 15:55,2027-07-13 12:20,925,1,5467017,
2026-09-17,RT-SCL-LIS-20270712-20270731,RT,SCL,LIS,LIS,2027-07-12,2027-07-31,otro,3,paris,CDG,Air France,AF 407 · AF 1024,2027-07-12 10:10,2027-07-13 11:15,1205,1,6310706,
2026-09-17,RT-SCL-LIS-20270712-20270731,RT,SCL,LIS,LIS,2027-07-12,2027-07-31,otro,4,otra,BOG-MAD,Avianca / Tap Air Portugal,AV 116 · AV 10 · TP 1017,2027-07-12 15:20,2027-07-13 18:25,1325,2,7678446,
2026-09-17,RT-CCP-OPO-20270712-20270731,RT,CCP,OPO,OPO,2027-07-12,2027-07-31,mejor,0,madrid,SCL-MAD,LATAM / Iberia,LA 14 · IB 118 · IB 1149,2027-07-12 20:51,2027-07-14 11:45,2034,2,4656597,
2026-09-17,RT-CCP-OPO-20270712-20270731,RT,CCP,OPO,OPO,2027-07-12,2027-07-31,mejor,1,madrid,SCL-MAD,LATAM / Air Europa,LA 6 · LA 706 · UX 1141,2027-07-12 14:44,2027-07-13 19:20,1416,2,4936329,
2026-09-17,RT-CCP-OPO-20270712-20270731,RT,CCP,OPO,OPO,2027-07-12,2027-07-31,mejor,2,madrid,SCL-MAD,LATAM / Air Europa,LA 16 · LA 706 · UX 1141,2027-07-12 15:16,2027-07-13 19:20,1384,2,4976733,
2026-09-17,RT-CCP-OPO-20270712-20270731,RT,CCP,OPO,OPO,2027-07-12,2027-07-31,mejor,3,madrid,SCL-MAD,LATAM / Iberia,LA 16 · LA 706 · IB 1151,2027-07-12 15:16,2027-07-13 16:00,1184,2,5358279,
2026-09-17,RT-CCP-OPO-20270712-20270731,RT,CCP,OPO,OPO,2027-07-12,2027-07-31,mejor,4,madrid,SCL-MAD,LATAM / Iberia,LA 4 · IB 118 · IB 543,2027-07-12 07:41,2027-07-13 07:40,1139,2,5365027,
2026-09-17,RT-CCP-OPO-20270712-20270731,RT,CCP,OPO,OPO,2027-07-12,2027-07-31,otro,0,madrid,SCL-MAD,LATAM / Air Europa,LA 212 · LA 706 · UX 1141,2027-07-12 06:31,2027-07-13 19:20,1909,2,4904853,
2026-09-17,RT-CCP-OPO-20270712-20270731,RT,CCP,OPO,OPO,2027-07-12,2027-07-31,otro,1,madrid,SCL-MAD,LATAM / Iberia,LA 212 · LA 706 · IB 1151,2027-07-12 06:31,2027-07-13 16:00,1709,2,5286399,
2026-09-17,RT-CCP-OPO-20270712-20270731,RT,CCP,OPO,OPO,2027-07-12,2027-07-31,otro,2,madrid,SCL-MAD,LATAM / Iberia,LA 4 · LA 706 · IB 1151,2027-07-12 07:41,2027-07-13 16:00,1639,2,5317893,
2026-09-17,RT-SCL-LIS-20270710-20270801,RT,SCL,LIS,LIS,2027-07-10,2027-08-01,mejor,0,madrid,MAD,Iberia,IB 114 · IB 539,2027-07-10 23:20,2027-07-11 23:25,1145,1,2865322,"Vuelta verificada: IB 540 · IB 113, sale 2027-08-01 06:35, llega 2027-08-01 21:40"
2026-09-17,RT-SCL-OPO-20270711-20270729,RT,SCL,OPO,OPO,2027-07-11,2027-07-29,mejor,0,madrid,MAD,Iberia,IB 114 · IB 549,2027-07-11 23:20,2027-07-12 20:00,940,1,2738523,
2026-09-17,RT-SCL-OPO-20270711-20270729,RT,SCL,OPO,OPO,2027-07-11,2027-07-29,mejor,1,madrid,MAD,Iberia,IB 118 · IB 543,2027-07-11 11:40,2027-07-12 07:40,900,1,2816423,
2026-09-17,RT-SCL-OPO-20270711-20270729,RT,SCL,OPO,OPO,2027-07-11,2027-07-29,mejor,2,madrid,MAD,LATAM / Iberia,LA 706 · IB 1151,2027-07-11 18:00,2027-07-12 16:00,1020,1,3052023,
2026-09-17,RT-SCL-OPO-20270711-20270729,RT,SCL,OPO,OPO,2027-07-11,2027-07-29,mejor,3,otra,LHR,British Airways,BA 250 · BA 2668,2027-07-11 15:00,2027-07-12 20:35,1475,1,3163528,
2026-09-17,RT-SCL-OPO-20270711-20270729,RT,SCL,OPO,OPO,2027-07-11,2027-07-29,otro,0,paris,CDG,Air France,AF 407 · AF 1528,2027-07-11 10:10,2027-07-12 15:25,1455,1,5519857,
2026-09-17,RT-SCL-OPO-20270711-20270729,RT,SCL,OPO,OPO,2027-07-11,2027-07-29,otro,1,otra,MIA-PHL,American,AA 912 · AA 1284 · AA 1774,2027-07-11 20:35,2027-07-13 08:15,1840,2,6128187,
2026-09-17,RT-SCL-OPO-20270711-20270729,RT,SCL,OPO,OPO,2027-07-11,2027-07-29,otro,2,otra,MIA-PHL,American,AA 912 · AA 2764 · AA 1774,2027-07-11 20:35,2027-07-13 08:15,1840,2,6128187,
2026-09-17,RT-SCL-OPO-20270711-20270729,RT,SCL,OPO,OPO,2027-07-11,2027-07-29,otro,3,otra,MIA-PHL,American,AA 912 · AA 2124 · AA 1774,2027-07-11 20:35,2027-07-13 08:15,1840,2,6128187,
2026-09-17,RT-SCL-OPO-20270711-20270729,RT,SCL,OPO,OPO,2027-07-11,2027-07-29,otro,4,madrid,MAD,LATAM / Iberia,LA 708 · IB 1149,2027-07-11 15:05,2027-07-12 11:45,940,1,9407100,
2026-09-17,RT-SCL-LIS-20270711-20270729,RT,SCL,LIS,LIS,2027-07-11,2027-07-29,mejor,0,madrid,MAD,Iberia,IB 114 · IB 537,2027-07-11 23:20,2027-07-12 20:05,945,1,2708572,
2026-09-17,RT-SCL-LIS-20270711-20270729,RT,SCL,LIS,LIS,2027-07-11,2027-07-29,mejor,1,otra,LHR,British Airways,BA 250 · BA 508,2027-07-11 15:00,2027-07-12 23:05,1625,1,3161801,
2026-09-17,RT-SCL-LIS-20270711-20270729,RT,SCL,LIS,LIS,2027-07-11,2027-07-29,mejor,2,brasil,GRU,LATAM,LA 750 · LA 8146,2027-07-11 11:30,2027-07-12 07:10,880,1,3400392,
2026-09-17,RT-SCL-LIS-20270711-20270729,RT,SCL,LIS,LIS,2027-07-11,2027-07-29,otro,0,madrid,MAD,Iberia,IB 118 · IB 531,2027-07-11 11:40,2027-07-12 11:50,1150,1,3065772,
2026-09-17,RT-SCL-LIS-20270711-20270729,RT,SCL,LIS,LIS,2027-07-11,2027-07-29,otro,1,madrid,MAD,LATAM / Air Europa,LA 706 · UX 1157,2027-07-11 18:00,2027-07-12 19:15,1215,1,3261855,
2026-09-17,RT-SCL-LIS-20270711-20270729,RT,SCL,LIS,LIS,2027-07-11,2027-07-29,otro,2,madrid,MAD,LATAM / Air Europa,LA 708 · UX 1155,2027-07-11 15:05,2027-07-12 15:15,1150,1,3399741,
2026-09-17,RT-SCL-LIS-20270711-20270729,RT,SCL,LIS,LIS,2027-07-11,2027-07-29,otro,3,otra,LHR,British Airways,BA 250 · BA 504,2027-07-11 15:00,2027-07-12 16:25,1225,1,4272709,
2026-09-17,RT-SCL-LIS-20270711-20270729,RT,SCL,LIS,LIS,2027-07-11,2027-07-29,otro,4,brasil,GRU-IST,Turkish Airlines,TK 216 · TK 216 · TK 1759,2027-07-11 10:15,2027-07-12 15:50,1475,2,4389217,
2026-09-17,RT-SCL-LIS-20270711-20270729,RT,SCL,LIS,LIS,2027-07-11,2027-07-29,otro,5,paris,CDG,Air France,AF 407 · AF 1024,2027-07-11 10:10,2027-07-12 11:15,1205,1,5168806,
2026-09-17,RT-SCL-LIS-20270711-20270729,RT,SCL,LIS,LIS,2027-07-11,2027-07-29,otro,6,otra,BOG-YYZ,Avianca / Air Canada,AV 240 · AC 95 · AC 810,2027-07-11 00:30,2027-07-12 11:00,1770,2,6052440,
2026-09-17,RT-SCL-LIS-20270711-20270729,RT,SCL,LIS,LIS,2027-07-11,2027-07-29,otro,7,otra,EZE-AMS,KLM,KL 702 · KL 702 · KL 1583,2027-07-11 10:15,2027-07-12 14:35,1400,2,6538308,
2026-09-17,RT-SCL-LIS-20270711-20270729,RT,SCL,LIS,LIS,2027-07-11,2027-07-29,otro,8,otra,BOG-MAD,Avianca / Tap Air Portugal,AV 116 · AV 10 · TP 1017,2027-07-11 15:20,2027-07-12 18:45,1345,2,7445097,
2026-09-18,RT-SCL-OPO-20270712-20270731,RT,SCL,OPO,OPO,2027-07-12,2027-07-31,mejor,0,madrid,MAD,Iberia,IB 118 · IB 543,2027-07-12 11:40,2027-07-13 07:40,900,1,2921367,
2026-09-18,RT-SCL-OPO-20270712-20270731,RT,SCL,OPO,OPO,2027-07-12,2027-07-31,mejor,1,madrid,MAD,LATAM / Iberia,LA 706 · IB 1151,2027-07-12 18:00,2027-07-13 16:00,1020,1,3235527,
2026-09-18,RT-SCL-OPO-20270712-20270731,RT,SCL,OPO,OPO,2027-07-12,2027-07-31,mejor,2,madrid,MAD,LATAM / Air Europa,LA 706 · UX 1141,2027-07-12 18:00,2027-07-13 19:20,1220,1,3412671,
2026-09-18,RT-SCL-OPO-20270712-20270731,RT,SCL,OPO,OPO,2027-07-12,2027-07-31,otro,0,madrid,MAD,LATAM / Air Europa,LA 706 · UX 1147,2027-07-12 18:00,2027-07-14 06:45,1905,1,3189894,
2026-09-18,RT-SCL-OPO-20270712-20270731,RT,SCL,OPO,OPO,2027-07-12,2027-07-31,otro,1,madrid,MAD,LATAM / Iberia,LA 706 · IB 543,2027-07-12 18:00,2027-07-14 07:40,1960,1,3193500,
2026-09-18,RT-SCL-OPO-20270712-20270731,RT,SCL,OPO,OPO,2027-07-12,2027-07-31,otro,2,brasil,GRU-IST,Turkish Airlines,TK 216 · TK 216 · TK 1451,2027-07-12 10:15,2027-07-13 15:40,1465,2,4232108,
2026-09-18,RT-SCL-OPO-20270712-20270731,RT,SCL,OPO,OPO,2027-07-12,2027-07-31,otro,3,lima,LIM-YUL,LATAM / Air Canada,LA 2444 · AC 89 · AC 928,2027-07-12 21:55,2027-07-14 10:00,1865,2,4304026,
2026-09-18,RT-SCL-OPO-20270712-20270731,RT,SCL,OPO,OPO,2027-07-12,2027-07-31,otro,4,otra,BOG-YUL,LATAM / Air Canada,LA 572 · AC 99 · AC 928,2027-07-12 23:05,2027-07-14 10:00,1795,2,4370666,
2026-09-18,RT-SCL-OPO-20270712-20270731,RT,SCL,OPO,OPO,2027-07-12,2027-07-31,otro,5,otra,EZE-AMS,KLM,KL 702 · KL 702 · KL 1577,2027-07-12 10:15,2027-07-13 22:15,1860,2,5532458,
2026-09-18,RT-SCL-OPO-20270712-20270731,RT,SCL,OPO,OPO,2027-07-12,2027-07-31,otro,6,otra,EZE-AMS,KLM,KL 702 · KL 702 · KL 1573,2027-07-12 10:15,2027-07-13 15:30,1455,2,5771410,
2026-09-18,RT-SCL-OPO-20270712-20270731,RT,SCL,OPO,OPO,2027-07-12,2027-07-31,otro,7,madrid,MAD-LGW,Iberia / British Airways,IB 118 · IB 1861 · BA 2668,2027-07-12 11:40,2027-07-13 20:05,1645,2,5894868,
2026-09-18,RT-SCL-OPO-20270712-20270731,RT,SCL,OPO,OPO,2027-07-12,2027-07-31,otro,8,paris,CDG,Air France,AF 407 · AF 1528,2027-07-12 10:10,2027-07-13 15:25,1455,1,6063033,
2026-09-18,RT-SCL-LIS-20270712-20270731,RT,SCL,LIS,LIS,2027-07-12,2027-07-31,mejor,0,madrid,MAD,Iberia,IB 118 · IB 529,2027-07-12 11:40,2027-07-13 07:45,905,1,3130051,
2026-09-18,RT-SCL-LIS-20270712-20270731,RT,SCL,LIS,LIS,2027-07-12,2027-07-31,mejor,1,brasil,GRU,LATAM,LA 762 · LA 8146,2027-07-12 07:35,2027-07-13 07:10,1115,1,3593373,
2026-09-18,RT-SCL-LIS-20270712-20270731,RT,SCL,LIS,LIS,2027-07-12,2027-07-31,mejor,2,brasil,GRU,LATAM,LA 8155 · LA 8148,2027-07-12 15:50,2027-07-13 12:20,930,1,3593373,
2026-09-18,RT-SCL-LIS-20270712-20270731,RT,SCL,LIS,LIS,2027-07-12,2027-07-31,mejor,3,brasil,GRU,LATAM,LA 750 · LA 8146,2027-07-12 11:30,2027-07-13 07:10,880,1,3896109,
2026-09-18,RT-SCL-LIS-20270712-20270731,RT,SCL,LIS,LIS,2027-07-12,2027-07-31,mejor,4,brasil,GRU-IST,Turkish Airlines,TK 216 · TK 216 · TK 1759,2027-07-12 10:15,2027-07-13 15:35,1460,2,4398197,
2026-09-18,RT-SCL-LIS-20270712-20270731,RT,SCL,LIS,LIS,2027-07-12,2027-07-31,otro,0,brasil,GRU,LATAM,LA 8153 · LA 8146,2027-07-12 04:45,2027-07-13 07:10,1285,1,5009349,
2026-09-18,RT-SCL-LIS-20270712-20270731,RT,SCL,LIS,LIS,2027-07-12,2027-07-31,otro,1,brasil,GRU,LATAM,LA 714 · LA 8148,2027-07-12 15:55,2027-07-13 12:20,925,1,5478333,
2026-09-18,RT-SCL-LIS-20270712-20270731,RT,SCL,LIS,LIS,2027-07-12,2027-07-31,otro,2,otra,BOG-YYZ,Avianca / Air Canada,AV 240 · AC 95 · AC 810,2027-07-12 00:30,2027-07-13 11:00,1770,2,5944743,
2026-09-18,RT-SCL-LIS-20270712-20270731,RT,SCL,LIS,LIS,2027-07-12,2027-07-31,otro,3,paris,CDG,Air France,AF 407 · AF 1024,2027-07-12 10:10,2027-07-13 11:15,1205,1,6616890,
2026-09-18,RT-SCL-LIS-20270712-20270731,RT,SCL,LIS,LIS,2027-07-12,2027-07-31,otro,4,otra,BOG-MAD,Avianca / Tap Air Portugal,AV 116 · AV 10 · TP 1017,2027-07-12 15:20,2027-07-13 18:25,1325,2,7800651,
2026-09-18,RT-CCP-OPO-20270712-20270731,RT,CCP,OPO,OPO,2027-07-12,2027-07-31,mejor,0,madrid,SCL-MAD,LATAM / Iberia,LA 14 · IB 118 · IB 1149,2027-07-12 20:51,2027-07-14 11:45,2034,2,4666044,
2026-09-18,RT-CCP-OPO-20270712-20270731,RT,CCP,OPO,OPO,2027-07-12,2027-07-31,mejor,1,madrid,SCL-MAD,LATAM / Air Europa,LA 6 · LA 706 · UX 1141,2027-07-12 14:44,2027-07-13 19:20,1416,2,4946364,
2026-09-18,RT-CCP-OPO-20270712-20270731,RT,CCP,OPO,OPO,2027-07-12,2027-07-31,mejor,2,madrid,SCL-MAD,LATAM / Air Europa,LA 16 · LA 706 · UX 1141,2027-07-12 15:16,2027-07-13 19:20,1384,2,4986849,
2026-09-18,RT-CCP-OPO-20270712-20270731,RT,CCP,OPO,OPO,2027-07-12,2027-07-31,mejor,3,madrid,SCL-MAD,LATAM / Iberia,LA 16 · LA 706 · IB 1151,2027-07-12 15:16,2027-07-13 16:00,1184,2,5368506,
2026-09-18,RT-CCP-OPO-20270712-20270731,RT,CCP,OPO,OPO,2027-07-12,2027-07-31,mejor,4,madrid,SCL-MAD,LATAM / Iberia,LA 4 · IB 118 · IB 543,2027-07-12 07:41,2027-07-13 07:40,1139,2,5376008,
2026-09-18,RT-CCP-OPO-20270712-20270731,RT,CCP,OPO,OPO,2027-07-12,2027-07-31,otro,0,madrid,SCL-MAD,LATAM / Air Europa,LA 212 · LA 706 · UX 1141,2027-07-12 06:31,2027-07-13 19:20,1909,2,4914864,
2026-09-18,RT-CCP-OPO-20270712-20270731,RT,CCP,OPO,OPO,2027-07-12,2027-07-31,otro,1,madrid,SCL-MAD,LATAM / Air Europa,LA 16 · LA 706 · UX 1147,2027-07-12 15:16,2027-07-14 06:45,2069,2,4970160,
2026-09-18,RT-CCP-OPO-20270712-20270731,RT,CCP,OPO,OPO,2027-07-12,2027-07-31,otro,2,madrid,SCL-MAD,LATAM / Iberia,LA 222 · IB 118 · IB 543,2027-07-12 18:51,2027-07-14 07:40,1909,2,5589400,
2026-09-18,RT-SCL-OPO-20270711-20270730,RT,SCL,OPO,OPO,2027-07-11,2027-07-30,mejor,0,madrid,MAD,Iberia,IB 114 · IB 549,2027-07-11 23:20,2027-07-12 20:00,940,1,3127951,
2026-09-18,RT-SCL-OPO-20270711-20270730,RT,SCL,OPO,OPO,2027-07-11,2027-07-30,mejor,1,madrid,MAD,Iberia,IB 118 · IB 543,2027-07-11 11:40,2027-07-12 07:40,900,1,3206967,
2026-09-18,RT-SCL-OPO-20270711-20270730,RT,SCL,OPO,OPO,2027-07-11,2027-07-30,mejor,2,madrid,MAD,LATAM / Iberia,LA 706 · IB 1151,2027-07-11 18:00,2027-07-12 16:00,1020,1,3442111,
2026-09-18,RT-SCL-OPO-20270711-20270730,RT,SCL,OPO,OPO,2027-07-11,2027-07-30,mejor,3,madrid,MAD,LATAM / Air Europa,LA 708 · UX 1143,2027-07-11 15:05,2027-07-12 15:15,1150,1,3706839,
2026-09-18,RT-SCL-OPO-20270711-20270730,RT,SCL,OPO,OPO,2027-07-11,2027-07-30,otro,0,madrid,MAD,Iberia,IB 114 · IB 545,2027-07-11 23:20,2027-07-13 11:45,1885,1,3085924,
2026-09-18,RT-SCL-OPO-20270711-20270730,RT,SCL,OPO,OPO,2027-07-11,2027-07-30,otro,1,madrid,MAD,LATAM / Air Europa,LA 706 · UX 1141,2027-07-11 18:00,2027-07-12 19:20,1220,1,3271770,
2026-09-18,RT-SCL-OPO-20270711-20270730,RT,SCL,OPO,OPO,2027-07-11,2027-07-30,otro,2,madrid,MAD,LATAM / Iberia,LA 706 · IB 549,2027-07-11 18:00,2027-07-12 20:00,1260,1,3376288,
2026-09-18,RT-SCL-OPO-20270711-20270730,RT,SCL,OPO,OPO,2027-07-11,2027-07-30,otro,3,brasil,GRU-IST,Turkish Airlines,TK 216 · TK 216 · TK 1451,2027-07-11 10:15,2027-07-12 15:40,1465,2,4232108,
2026-09-18,RT-SCL-OPO-20270711-20270730,RT,SCL,OPO,OPO,2027-07-11,2027-07-30,otro,4,madrid,MAD-LHR,Iberia / British Airways,IB 118 · BA 457 · BA 2668,2027-07-11 11:40,2027-07-12 20:35,1675,2,4284084,
2026-09-18,RT-SCL-OPO-20270711-20270730,RT,SCL,OPO,OPO,2027-07-11,2027-07-30,otro,5,paris,CDG,Air France,AF 407 · AF 1528,2027-07-11 10:10,2027-07-12 15:25,1455,1,6062411,
2026-09-18,RT-SCL-OPO-20270711-20270730,RT,SCL,OPO,OPO,2027-07-11,2027-07-30,otro,6,otra,EZE-AMS,KLM,KL 702 · KL 702 · KL 1573,2027-07-11 10:15,2027-07-12 15:30,1455,2,6592986,
2026-09-18,RT-SCL-LIS-20270711-20270730,RT,SCL,LIS,LIS,2027-07-11,2027-07-30,mejor,0,madrid,MAD,Iberia,IB 114 · IB 537,2027-07-11 23:20,2027-07-12 20:05,945,1,3097902,
2026-09-18,RT-SCL-LIS-20270711-20270730,RT,SCL,LIS,LIS,2027-07-11,2027-07-30,mejor,1,brasil,GRU,LATAM,LA 750 · LA 8146,2027-07-11 11:30,2027-07-12 07:10,880,1,3676818,
2026-09-18,RT-SCL-LIS-20270711-20270730,RT,SCL,LIS,LIS,2027-07-11,2027-07-30,otro,0,madrid,MAD,Iberia,IB 118 · IB 531,2027-07-11 11:40,2027-07-12 11:50,1150,1,3455854,
2026-09-18,RT-SCL-LIS-20270711-20270730,RT,SCL,LIS,LIS,2027-07-11,2027-07-30,otro,1,madrid,MAD,LATAM / Air Europa,LA 708 · UX 1155,2027-07-11 15:05,2027-07-12 15:15,1150,1,3963342,
2026-09-18,RT-SCL-LIS-20270711-20270730,RT,SCL,LIS,LIS,2027-07-11,2027-07-30,otro,2,brasil,GRU-IST,Turkish Airlines,TK 216 · TK 216 · TK 1759,2027-07-11 10:15,2027-07-12 15:50,1475,2,4263965,
2026-09-18,RT-SCL-LIS-20270711-20270730,RT,SCL,LIS,LIS,2027-07-11,2027-07-30,otro,3,paris,CDG,Air France,AF 407 · AF 1024,2027-07-11 10:10,2027-07-12 11:15,1205,1,6084722,
2026-09-18,RT-SCL-LIS-20270711-20270730,RT,SCL,LIS,LIS,2027-07-11,2027-07-30,otro,4,otra,BOG-MAD,Avianca / Tap Air Portugal,AV 116 · AV 10 · TP 1017,2027-07-11 15:20,2027-07-12 18:45,1345,2,6968598,
2026-09-18,RT-SCL-OPO-20270711-20270731,RT,SCL,OPO,OPO,2027-07-11,2027-07-31,mejor,0,madrid,MAD,Iberia,IB 114 · IB 549,2027-07-11 23:20,2027-07-12 20:00,940,1,2921367,
2026-09-18,RT-SCL-OPO-20270711-20270731,RT,SCL,OPO,OPO,2027-07-11,2027-07-31,mejor,1,madrid,MAD,Iberia,IB 118 · IB 543,2027-07-11 11:40,2027-07-12 07:40,900,1,2999431,
2026-09-18,RT-SCL-OPO-20270711-20270731,RT,SCL,OPO,OPO,2027-07-11,2027-07-31,mejor,2,madrid,MAD,LATAM / Iberia,LA 706 · IB 1151,2027-07-11 18:00,2027-07-12 16:00,1020,1,3235527,
2026-09-18,RT-SCL-OPO-20270711-20270731,RT,SCL,OPO,OPO,2027-07-11,2027-07-31,mejor,3,madrid,MAD,LATAM / Air Europa,LA 708 · UX 1143,2027-07-11 15:05,2027-07-12 15:15,1150,1,3412671,
2026-09-18,RT-SCL-OPO-20270711-20270731,RT,SCL,OPO,OPO,2027-07-11,2027-07-31,otro,0,madrid,MAD,Iberia,IB 114 · IB 545,2027-07-11 23:20,2027-07-13 11:45,1885,1,2879340,
2026-09-18,RT-SCL-OPO-20270711-20270731,RT,SCL,OPO,OPO,2027-07-11,2027-07-31,otro,1,madrid,MAD,LATAM / Air Europa,LA 706 · UX 1141,2027-07-11 18:00,2027-07-12 19:20,1220,1,3166098,
2026-09-18,RT-SCL-OPO-20270711-20270731,RT,SCL,OPO,OPO,2027-07-11,2027-07-31,otro,2,madrid,MAD,LATAM / Iberia,LA 706 · IB 549,2027-07-11 18:00,2027-07-12 20:00,1260,1,3169704,
2026-09-18,RT-SCL-OPO-20270711-20270731,RT,SCL,OPO,OPO,2027-07-11,2027-07-31,otro,3,brasil,GRU-IST,Turkish Airlines,TK 216 · TK 216 · TK 1451,2027-07-11 10:15,2027-07-12 15:40,1465,2,4363484,
2026-09-18,RT-SCL-OPO-20270711-20270731,RT,SCL,OPO,OPO,2027-07-11,2027-07-31,otro,4,brasil,GRU-MAD,LATAM / Iberia,LA 714 · LA 8066 · IB 1151,2027-07-11 15:55,2027-07-12 16:00,1145,2,4986036,
2026-09-18,RT-SCL-OPO-20270711-20270731,RT,SCL,OPO,OPO,2027-07-11,2027-07-31,otro,5,madrid,MAD-LHR,Iberia / British Airways,IB 118 · BA 457 · BA 2668,2027-07-11 11:40,2027-07-12 20:35,1675,2,5050037,
2026-09-18,RT-SCL-OPO-20270711-20270731,RT,SCL,OPO,OPO,2027-07-11,2027-07-31,otro,6,paris,CDG,Air France,AF 407 · AF 1528,2027-07-11 10:10,2027-07-12 15:25,1455,1,5530865,
2026-09-18,RT-SCL-OPO-20270711-20270731,RT,SCL,OPO,OPO,2027-07-11,2027-07-31,otro,7,otra,EZE-AMS,KLM,KL 702 · KL 702 · KL 1573,2027-07-11 10:15,2027-07-12 15:30,1455,2,6063674,
2026-09-19,RT-SCL-OPO-20270712-20270731,RT,SCL,OPO,OPO,2027-07-12,2027-07-31,mejor,0,madrid,MAD,Iberia,IB 118 · IB 543,2027-07-12 11:40,2027-07-13 07:40,900,1,2941821,
2026-09-19,RT-SCL-OPO-20270712-20270731,RT,SCL,OPO,OPO,2027-07-12,2027-07-31,mejor,1,madrid,MAD,LATAM / Iberia,LA 706 · IB 1151,2027-07-12 18:00,2027-07-13 16:00,1020,1,3258291,
2026-09-19,RT-SCL-OPO-20270712-20270731,RT,SCL,OPO,OPO,2027-07-12,2027-07-31,mejor,2,madrid,MAD,LATAM / Air Europa,LA 706 · UX 1141,2027-07-12 18:00,2027-07-13 19:20,1220,1,3436500,
2026-09-19,RT-SCL-OPO-20270712-20270731,RT,SCL,OPO,OPO,2027-07-12,2027-07-31,otro,0,madrid,MAD,LATAM / Air Europa,LA 706 · UX 1147,2027-07-12 18:00,2027-07-14 06:45,1905,1,3211980,
2026-09-19,RT-SCL-OPO-20270712-20270731,RT,SCL,OPO,OPO,2027-07-12,2027-07-31,otro,1,madrid,MAD,LATAM / Iberia,LA 706 · IB 543,2027-07-12 18:00,2027-07-14 07:40,1960,1,3216126,
2026-09-19,RT-SCL-OPO-20270712-20270731,RT,SCL,OPO,OPO,2027-07-12,2027-07-31,otro,2,madrid,MAD-LHR,Iberia / British Airways,IB 118 · BA 457 · BA 2668,2027-07-12 11:40,2027-07-13 20:05,1645,2,3891377,
2026-09-19,RT-SCL-OPO-20270712-20270731,RT,SCL,OPO,OPO,2027-07-12,2027-07-31,otro,3,brasil,GRU-MAD,LATAM / Iberia,LA 8155 · LA 8066 · IB 1151,2027-07-12 15:50,2027-07-13 16:00,1150,2,3946938,
2026-09-19,RT-SCL-OPO-20270712-20270731,RT,SCL,OPO,OPO,2027-07-12,2027-07-31,otro,4,brasil,GRU-IST,Turkish Airlines,TK 216 · TK 216 · TK 1451,2027-07-12 10:15,2027-07-13 15:40,1465,2,4262623,
2026-09-19,RT-SCL-OPO-20270712-20270731,RT,SCL,OPO,OPO,2027-07-12,2027-07-31,otro,5,lima,LIM-YUL,LATAM / Air Canada,LA 2444 · AC 89 · AC 928,2027-07-12 21:55,2027-07-14 10:00,1865,2,4731270,
2026-09-19,RT-SCL-OPO-20270712-20270731,RT,SCL,OPO,OPO,2027-07-12,2027-07-31,otro,6,otra,BOG-YUL,LATAM / Air Canada,LA 572 · AC 99 · AC 928,2027-07-12 23:05,2027-07-14 10:00,1795,2,4798400,
2026-09-19,RT-SCL-OPO-20270712-20270731,RT,SCL,OPO,OPO,2027-07-12,2027-07-31,otro,7,otra,EZE-AMS,KLM,KL 702 · KL 702 · KL 1573,2027-07-12 10:15,2027-07-13 15:30,1455,2,5812886,
2026-09-19,RT-SCL-OPO-20270712-20270731,RT,SCL,OPO,OPO,2027-07-12,2027-07-31,otro,8,paris,CDG,Air France,AF 407 · AF 1528,2027-07-12 10:10,2027-07-13 15:25,1455,1,6106794,
2026-09-19,RT-SCL-LIS-20270712-20270731,RT,SCL,LIS,LIS,2027-07-12,2027-07-31,mejor,0,madrid,MAD,Iberia,IB 118 · IB 529,2027-07-12 11:40,2027-07-13 07:45,905,1,3152366,
2026-09-19,RT-SCL-LIS-20270712-20270731,RT,SCL,LIS,LIS,2027-07-12,2027-07-31,mejor,1,brasil,GRU,LATAM,LA 762 · LA 8146,2027-07-12 07:35,2027-07-13 07:10,1115,1,3619254,
2026-09-19,RT-SCL-LIS-20270712-20270731,RT,SCL,LIS,LIS,2027-07-12,2027-07-31,mejor,2,brasil,GRU,LATAM,LA 8155 · LA 8148,2027-07-12 15:50,2027-07-13 12:20,930,1,3619254,
2026-09-19,RT-SCL-LIS-20270712-20270731,RT,SCL,LIS,LIS,2027-07-12,2027-07-31,mejor,3,brasil,GRU,LATAM,LA 750 · LA 8146,2027-07-12 11:30,2027-07-13 07:10,880,1,3924216,
2026-09-19,RT-SCL-LIS-20270712-20270731,RT,SCL,LIS,LIS,2027-07-12,2027-07-31,mejor,4,brasil,GRU-IST,Turkish Airlines,TK 216 · TK 216 · TK 1759,2027-07-12 10:15,2027-07-13 15:35,1460,2,4582282,
2026-09-19,RT-SCL-LIS-20270712-20270731,RT,SCL,LIS,LIS,2027-07-12,2027-07-31,otro,0,madrid,MAD,LATAM / Air Europa,LA 706 · UX 1157,2027-07-12 18:00,2027-07-13 19:15,1215,1,5044113,
2026-09-19,RT-SCL-LIS-20270712-20270731,RT,SCL,LIS,LIS,2027-07-12,2027-07-31,otro,1,brasil,GRU,LATAM,LA 714 · LA 8148,2027-07-12 15:55,2027-07-13 12:20,925,1,5518074,
2026-09-19,RT-SCL-LIS-20270712-20270731,RT,SCL,LIS,LIS,2027-07-12,2027-07-31,otro,2,otra,BOG-YYZ,Avianca / Air Canada,AV 240 · AC 95 · AC 810,2027-07-12 00:30,2027-07-13 11:00,1770,2,5618462,
2026-09-19,RT-SCL-LIS-20270712-20270731,RT,SCL,LIS,LIS,2027-07-12,2027-07-31,otro,3,paris,CDG,Air France,AF 407 · AF 1024,2027-07-12 10:10,2027-07-13 11:15,1205,1,6369260,
2026-09-19,RT-SCL-LIS-20270712-20270731,RT,SCL,LIS,LIS,2027-07-12,2027-07-31,otro,4,otra,BOG-MAD,Avianca / Tap Air Portugal,AV 116 · AV 10 · TP 1017,2027-07-12 15:20,2027-07-13 18:25,1325,2,7857299,
2026-09-19,RT-CCP-OPO-20270712-20270731,RT,CCP,OPO,OPO,2027-07-12,2027-07-31,mejor,0,madrid,SCL-MAD,LATAM / Iberia,LA 14 · IB 118 · IB 1149,2027-07-12 20:51,2027-07-14 11:45,2034,2,4699248,
2026-09-19,RT-CCP-OPO-20270712-20270731,RT,CCP,OPO,OPO,2027-07-12,2027-07-31,mejor,1,madrid,SCL-MAD,LATAM / Air Europa,LA 6 · LA 706 · UX 1141,2027-07-12 14:44,2027-07-13 19:20,1416,2,4981824,
2026-09-19,RT-CCP-OPO-20270712-20270731,RT,CCP,OPO,OPO,2027-07-12,2027-07-31,mejor,2,madrid,SCL-MAD,LATAM / Air Europa,LA 16 · LA 706 · UX 1141,2027-07-12 15:16,2027-07-13 19:20,1384,2,5022408,
2026-09-19,RT-CCP-OPO-20270712-20270731,RT,CCP,OPO,OPO,2027-07-12,2027-07-31,mejor,3,madrid,SCL-MAD,LATAM / Iberia,LA 16 · LA 706 · IB 1151,2027-07-12 15:16,2027-07-13 16:00,1184,2,5404905,
2026-09-19,RT-CCP-OPO-20270712-20270731,RT,CCP,OPO,OPO,2027-07-12,2027-07-31,mejor,4,madrid,SCL-MAD,LATAM / Iberia,LA 4 · IB 118 · IB 543,2027-07-12 07:41,2027-07-13 07:40,1139,2,5414572,
2026-09-19,RT-CCP-OPO-20270712-20270731,RT,CCP,OPO,OPO,2027-07-12,2027-07-31,otro,0,madrid,SCL-MAD,LATAM / Air Europa,LA 212 · LA 706 · UX 1141,2027-07-12 06:31,2027-07-13 19:20,1909,2,4950033,
2026-09-19,RT-CCP-OPO-20270712-20270731,RT,CCP,OPO,OPO,2027-07-12,2027-07-31,otro,1,madrid,SCL-MAD,LATAM / Air Europa,LA 6 · LA 706 · UX 1147,2027-07-12 14:44,2027-07-14 06:45,2101,2,4973898,
2026-09-19,RT-CCP-OPO-20270712-20270731,RT,CCP,OPO,OPO,2027-07-12,2027-07-31,otro,2,madrid,SCL-MAD,LATAM / Iberia,LA 222 · IB 118 · IB 543,2027-07-12 18:51,2027-07-14 07:40,1909,2,5629532,
2026-09-19,RT-SCL-LIS-20270711-20270731,RT,SCL,LIS,LIS,2027-07-11,2027-07-31,mejor,0,madrid,MAD,Iberia,IB 114 · IB 537,2027-07-11 23:20,2027-07-12 20:05,945,1,3073728,
2026-09-19,RT-SCL-LIS-20270711-20270731,RT,SCL,LIS,LIS,2027-07-11,2027-07-31,mejor,1,madrid,MAD,Iberia,IB 118 · IB 531,2027-07-11 11:40,2027-07-12 11:50,1150,1,3434312,
2026-09-19,RT-SCL-LIS-20270711-20270731,RT,SCL,LIS,LIS,2027-07-11,2027-07-31,mejor,2,brasil,GRU,LATAM,LA 750 · LA 8146,2027-07-11 11:30,2027-07-12 07:10,880,1,3806259,
2026-09-19,RT-SCL-LIS-20270711-20270731,RT,SCL,LIS,LIS,2027-07-11,2027-07-31,otro,0,madrid,MAD,LATAM / Iberia,LA 706 · IB 537,2027-07-11 18:00,2027-07-12 20:05,1265,1,4523100,
2026-09-19,RT-SCL-LIS-20270711-20270731,RT,SCL,LIS,LIS,2027-07-11,2027-07-31,otro,1,brasil,GRU-IST,Turkish Airlines,TK 216 · TK 216 · TK 1759,2027-07-11 10:15,2027-07-12 15:50,1475,2,4714624,
2026-09-19,RT-SCL-LIS-20270711-20270731,RT,SCL,LIS,LIS,2027-07-11,2027-07-31,otro,2,madrid,MAD,LATAM / Air Europa,LA 706 · UX 1157,2027-07-11 18:00,2027-07-12 19:15,1215,1,5044113,
2026-09-19,RT-SCL-LIS-20270711-20270731,RT,SCL,LIS,LIS,2027-07-11,2027-07-31,otro,3,madrid,MAD,LATAM / Air Europa,LA 708 · UX 1155,2027-07-11 15:05,2027-07-12 15:15,1150,1,5130423,
2026-09-19,RT-SCL-LIS-20270711-20270731,RT,SCL,LIS,LIS,2027-07-11,2027-07-31,otro,4,paris,CDG,Air France,AF 407 · AF 1024,2027-07-11 10:10,2027-07-12 11:15,1205,1,6128551,
2026-09-19,RT-SCL-LIS-20270711-20270731,RT,SCL,LIS,LIS,2027-07-11,2027-07-31,otro,5,otra,BOG-MAD,Avianca / Tap Air Portugal,AV 116 · AV 10 · TP 1017,2027-07-11 15:20,2027-07-12 18:45,1345,2,7857299,
2026-09-19,RT-SCL-OPO-20270711-20270801,RT,SCL,OPO,OPO,2027-07-11,2027-08-01,otro,0,madrid,MAD,Iberia,IB 114 · IB 549,2027-07-11 23:20,2027-07-12 20:00,940,1,2763642,"Vuelta verificada: IB 544 · IB 113, sale 2027-08-01 08:20, llega 2027-08-01 21:40"
2026-09-19,RT-SCL-LIS-20270711-20270801,RT,SCL,LIS,LIS,2027-07-11,2027-08-01,mejor,0,madrid,MAD,Iberia,IB 114 · IB 537,2027-07-11 23:20,2027-07-12 20:05,945,1,2733283,"Vuelta verificada: IB 540 · IB 113, sale 2027-08-01 06:35, llega 2027-08-01 21:40"
2026-09-21,RT-SCL-OPO-20270712-20270731,RT,SCL,OPO,OPO,2027-07-12,2027-07-31,mejor,0,madrid,MAD,Iberia,IB 118 · IB 1151,2027-07-12 11:40,2027-07-13 16:00,1400,1,2875791,
2026-09-21,RT-SCL-OPO-20270712-20270731,RT,SCL,OPO,OPO,2027-07-12,2027-07-31,mejor,1,madrid,MAD,Iberia,IB 118 · IB 543,2027-07-12 11:40,2027-07-13 07:40,900,1,2941821,
2026-09-21,RT-SCL-OPO-20270712-20270731,RT,SCL,OPO,OPO,2027-07-12,2027-07-31,mejor,2,madrid,MAD,LATAM / Iberia,LA 706 · IB 1151,2027-07-12 18:00,2027-07-13 16:00,1020,1,3258291,
2026-09-21,RT-SCL-OPO-20270712-20270731,RT,SCL,OPO,OPO,2027-07-12,2027-07-31,mejor,3,madrid,MAD,LATAM / Air Europa,LA 706 · UX 1141,2027-07-12 18:00,2027-07-13 19:20,1220,1,3436500,
2026-09-21,RT-SCL-OPO-20270712-20270731,RT,SCL,OPO,OPO,2027-07-12,2027-07-31,otro,0,madrid,MAD,LATAM / Air Europa,LA 706 · UX 1147,2027-07-12 18:00,2027-07-14 06:45,1905,1,3211980,
2026-09-21,RT-SCL-OPO-20270712-20270731,RT,SCL,OPO,OPO,2027-07-12,2027-07-31,otro,1,madrid,MAD,LATAM / Iberia,LA 706 · IB 543,2027-07-12 18:00,2027-07-14 07:40,1960,1,3216126,
2026-09-21,RT-SCL-OPO-20270712-20270731,RT,SCL,OPO,OPO,2027-07-12,2027-07-31,otro,2,brasil,GRU-MAD,LATAM / Iberia,LA 8155 · LA 8066 · IB 1151,2027-07-12 15:50,2027-07-13 16:00,1150,2,3946938,
2026-09-21,RT-SCL-OPO-20270712-20270731,RT,SCL,OPO,OPO,2027-07-12,2027-07-31,otro,3,brasil,GRU-IST,Turkish Airlines,TK 216 · TK 216 · TK 1451,2027-07-12 10:15,2027-07-13 15:40,1465,2,4262623,
2026-09-21,RT-SCL-OPO-20270712-20270731,RT,SCL,OPO,OPO,2027-07-12,2027-07-31,otro,4,lima,LIM-YUL,LATAM / Air Canada,LA 2444 · AC 89 · AC 928,2027-07-12 21:55,2027-07-14 10:00,1865,2,4731270,
2026-09-21,RT-SCL-OPO-20270712-20270731,RT,SCL,OPO,OPO,2027-07-12,2027-07-31,otro,5,otra,BOG-YUL,LATAM / Air Canada,LA 572 · AC 99 · AC 928,2027-07-12 23:05,2027-07-14 10:00,1795,2,4798400,
2026-09-21,RT-SCL-OPO-20270712-20270731,RT,SCL,OPO,OPO,2027-07-12,2027-07-31,otro,6,madrid,MAD-LHR,Iberia / British Airways,IB 118 · BA 457 · BA 2668,2027-07-12 11:40,2027-07-13 20:05,1645,2,5467423,
2026-09-21,RT-SCL-OPO-20270712-20270731,RT,SCL,OPO,OPO,2027-07-12,2027-07-31,otro,7,otra,EZE-AMS,KLM,KL 702 · KL 702 · KL 1573,2027-07-12 10:15,2027-07-13 15:30,1455,2,5812886,
2026-09-21,RT-SCL-OPO-20270712-20270731,RT,SCL,OPO,OPO,2027-07-12,2027-07-31,otro,8,paris,CDG,Air France,AF 407 · AF 1528,2027-07-12 10:10,2027-07-13 15:25,1455,1,6642246,
2026-09-21,RT-SCL-LIS-20270712-20270731,RT,SCL,LIS,LIS,2027-07-12,2027-07-31,mejor,0,madrid,MAD,Iberia,IB 118 · IB 531,2027-07-12 11:40,2027-07-13 11:50,1150,1,3152366,
2026-09-21,RT-SCL-LIS-20270712-20270731,RT,SCL,LIS,LIS,2027-07-12,2027-07-31,mejor,1,madrid,MAD,Iberia,IB 118 · IB 529,2027-07-12 11:40,2027-07-13 07:45,905,1,3231963,
2026-09-21,RT-SCL-LIS-20270712-20270731,RT,SCL,LIS,LIS,2027-07-12,2027-07-31,mejor,2,brasil,GRU,LATAM,LA 762 · LA 8146,2027-07-12 07:35,2027-07-13 07:10,1115,1,3619254,
2026-09-21,RT-SCL-LIS-20270712-20270731,RT,SCL,LIS,LIS,2027-07-12,2027-07-31,mejor,3,brasil,GRU,LATAM,LA 8155 · LA 8148,2027-07-12 15:50,2027-07-13 12:20,930,1,3619254,
2026-09-21,RT-SCL-LIS-20270712-20270731,RT,SCL,LIS,LIS,2027-07-12,2027-07-31,mejor,4,brasil,GRU,LATAM,LA 750 · LA 8146,2027-07-12 11:30,2027-07-13 07:10,880,1,3924216,
2026-09-21,RT-SCL-LIS-20270712-20270731,RT,SCL,LIS,LIS,2027-07-12,2027-07-31,otro,0,brasil,GRU-IST,Turkish Airlines,TK 216 · TK 216 · TK 1759,2027-07-12 10:15,2027-07-13 15:35,1460,2,4582282,
2026-09-21,RT-SCL-LIS-20270712-20270731,RT,SCL,LIS,LIS,2027-07-12,2027-07-31,otro,1,madrid,MAD,LATAM / Air Europa,LA 706 · UX 1157,2027-07-12 18:00,2027-07-13 19:15,1215,1,5044113,
2026-09-21,RT-SCL-LIS-20270712-20270731,RT,SCL,LIS,LIS,2027-07-12,2027-07-31,otro,2,brasil,GRU,LATAM,LA 714 · LA 8148,2027-07-12 15:55,2027-07-13 12:20,925,1,5518074,
2026-09-21,RT-SCL-LIS-20270712-20270731,RT,SCL,LIS,LIS,2027-07-12,2027-07-31,otro,3,otra,BOG-YYZ,Avianca / Air Canada,AV 240 · AC 95 · AC 810,2027-07-12 00:30,2027-07-13 11:00,1770,2,5585515,
2026-09-21,RT-SCL-LIS-20270712-20270731,RT,SCL,LIS,LIS,2027-07-12,2027-07-31,otro,4,paris,CDG,Air France,AF 407 · AF 1024,2027-07-12 10:10,2027-07-13 11:15,1205,1,6369260,
2026-09-21,RT-SCL-LIS-20270712-20270731,RT,SCL,LIS,LIS,2027-07-12,2027-07-31,otro,5,otra,BOG-MAD,Avianca / Tap Air Portugal,AV 116 · AV 10 · TP 1017,2027-07-12 15:20,2027-07-13 18:25,1325,2,7857299,
2026-09-21,RT-CCP-OPO-20270712-20270731,RT,CCP,OPO,OPO,2027-07-12,2027-07-31,otro,0,madrid,SCL-MAD,LATAM / Iberia,LA 4 · IB 118 · IB 543,2027-07-12 07:41,2027-07-13 07:40,1139,2,5414572,
2026-09-21,RT-CCP-OPO-20270712-20270731,RT,CCP,OPO,OPO,2027-07-12,2027-07-31,otro,1,madrid,SCL-MAD,LATAM / Iberia,LA 16 · LA 706 · IB 1151,2027-07-12 15:16,2027-07-13 16:00,1184,2,5454684,
2026-09-21,RT-SCL-LIS-20270712-20270730,RT,SCL,LIS,LIS,2027-07-12,2027-07-30,mejor,0,madrid,MAD,Iberia,IB 118 · IB 531,2027-07-12 11:40,2027-07-13 11:50,1150,1,3199162,
2026-09-21,RT-SCL-LIS-20270712-20270730,RT,SCL,LIS,LIS,2027-07-12,2027-07-30,mejor,1,madrid,MAD,Iberia,IB 118 · IB 529,2027-07-12 11:40,2027-07-13 07:45,905,1,3277800,
2026-09-21,RT-SCL-LIS-20270712-20270730,RT,SCL,LIS,LIS,2027-07-12,2027-07-30,mejor,2,brasil,GRU,LATAM,LA 8155 · LA 8148,2027-07-12 15:50,2027-07-13 12:20,930,1,3617013,
2026-09-21,RT-SCL-LIS-20270712-20270730,RT,SCL,LIS,LIS,2027-07-12,2027-07-30,otro,0,brasil,GRU,LATAM,LA 762 · LA 8146,2027-07-12 07:35,2027-07-13 07:10,1115,1,3617013,
2026-09-21,RT-SCL-LIS-20270712-20270730,RT,SCL,LIS,LIS,2027-07-12,2027-07-30,otro,1,brasil,GRU,LATAM,LA 8153 · LA 8148,2027-07-12 04:45,2027-07-13 12:20,1595,1,3843171,
2026-09-21,RT-SCL-LIS-20270712-20270730,RT,SCL,LIS,LIS,2027-07-12,2027-07-30,otro,2,brasil,GRU,LATAM,LA 750 · LA 8146,2027-07-12 11:30,2027-07-13 07:10,880,1,3921975,
2026-09-21,RT-SCL-LIS-20270712-20270730,RT,SCL,LIS,LIS,2027-07-12,2027-07-30,otro,3,brasil,GRU-IST,Turkish Airlines,TK 216 · TK 216 · TK 1759,2027-07-12 10:15,2027-07-13 15:35,1460,2,4163199,
2026-09-21,RT-SCL-LIS-20270712-20270730,RT,SCL,LIS,LIS,2027-07-12,2027-07-30,otro,4,brasil,GRU,LATAM,LA 750 · LA 8148,2027-07-12 11:30,2027-07-13 12:20,1190,1,4210668,
2026-09-21,RT-SCL-LIS-20270712-20270730,RT,SCL,LIS,LIS,2027-07-12,2027-07-30,otro,5,brasil,GRU,LATAM,LA 714 · LA 8148,2027-07-12 15:55,2027-07-13 12:20,925,1,5515833,
2026-09-21,RT-SCL-LIS-20270712-20270730,RT,SCL,LIS,LIS,2027-07-12,2027-07-30,otro,6,otra,BOG-YYZ,Avianca / Air Canada,AV 240 · AC 95 · AC 810,2027-07-12 00:30,2027-07-13 11:00,1770,2,5599280,
2026-09-21,RT-SCL-LIS-20270712-20270730,RT,SCL,LIS,LIS,2027-07-12,2027-07-30,otro,7,paris,CDG,Air France,AF 407 · AF 1024,2027-07-12 10:10,2027-07-13 11:15,1205,1,6369260,
2026-09-21,RT-SCL-LIS-20270712-20270730,RT,SCL,LIS,LIS,2027-07-12,2027-07-30,otro,8,otra,BOG-MAD,Avianca / Tap Air Portugal,AV 116 · AV 10 · TP 1017,2027-07-12 15:20,2027-07-13 18:25,1325,2,6757319,
2026-09-21,RT-SCL-OPO-20270712-20270801,RT,SCL,OPO,OPO,2027-07-12,2027-08-01,otro,0,madrid,MAD,Iberia,IB 118 · IB 543,2027-07-12 11:40,2027-07-13 07:40,900,1,2763642,"Vuelta verificada: IB 544 · IB 113, sale 2027-08-01 08:20, llega 2027-08-01 21:40"
2026-09-21,RT-SCL-LIS-20270712-20270801,RT,SCL,LIS,LIS,2027-07-12,2027-08-01,mejor,0,madrid,MAD,Iberia,IB 118 · IB 531,2027-07-12 11:40,2027-07-13 11:50,1150,1,2811921,"Vuelta verificada: IB 540 · IB 113, sale 2027-08-01 06:35, llega 2027-08-01 21:40"
2026-09-22,RT-SCL-OPO-20270712-20270731,RT,SCL,OPO,OPO,2027-07-12,2027-07-31,mejor,0,madrid,MAD,Iberia,IB 118 · IB 543,2027-07-12 11:40,2027-07-13 07:40,900,1,2945124,
2026-09-22,RT-SCL-OPO-20270712-20270731,RT,SCL,OPO,OPO,2027-07-12,2027-07-31,mejor,1,madrid,MAD,LATAM / Iberia,LA 706 · IB 1151,2027-07-12 18:00,2027-07-13 16:00,1020,1,3261924,
2026-09-22,RT-SCL-OPO-20270712-20270731,RT,SCL,OPO,OPO,2027-07-12,2027-07-31,mejor,2,madrid,MAD,LATAM / Air Europa,LA 706 · UX 1141,2027-07-12 18:00,2027-07-13 19:20,1220,1,3440379,
2026-09-22,RT-SCL-OPO-20270712-20270731,RT,SCL,OPO,OPO,2027-07-12,2027-07-31,otro,0,madrid,MAD,LATAM / Air Europa,LA 706 · UX 1147,2027-07-12 18:00,2027-07-14 06:45,1905,1,3215646,
2026-09-22,RT-SCL-OPO-20270712-20270731,RT,SCL,OPO,OPO,2027-07-12,2027-07-31,otro,1,madrid,MAD,LATAM / Iberia,LA 706 · IB 543,2027-07-12 18:00,2027-07-14 07:40,1960,1,3219678,
2026-09-22,RT-SCL-OPO-20270712-20270731,RT,SCL,OPO,OPO,2027-07-12,2027-07-31,otro,2,brasil,GRU-MAD,LATAM / Iberia,LA 8155 · LA 8066 · IB 1151,2027-07-12 15:50,2027-07-13 16:00,1150,2,3951807,
2026-09-22,RT-SCL-OPO-20270712-20270731,RT,SCL,OPO,OPO,2027-07-12,2027-07-31,otro,3,brasil,GRU-IST,Turkish Airlines,TK 216 · TK 216 · TK 1451,2027-07-12 10:15,2027-07-13 15:40,1465,2,4267212,
2026-09-22,RT-SCL-OPO-20270712-20270731,RT,SCL,OPO,OPO,2027-07-12,2027-07-31,otro,4,lima,LIM-YUL,LATAM / Air Canada,LA 2444 · AC 89 · AC 928,2027-07-12 21:55,2027-07-14 10:00,1865,2,4736310,
2026-09-22,RT-SCL-OPO-20270712-20270731,RT,SCL,OPO,OPO,2027-07-12,2027-07-31,otro,5,otra,BOG-YUL,LATAM / Air Canada,LA 572 · AC 99 · AC 928,2027-07-12 23:05,2027-07-14 10:00,1795,2,4803510,
2026-09-22,RT-SCL-OPO-20270712-20270731,RT,SCL,OPO,OPO,2027-07-12,2027-07-31,otro,6,otra,EZE-AMS,KLM,KL 702 · KL 702 · KL 1577,2027-07-12 10:15,2027-07-13 22:15,1860,2,5578218,
2026-09-22,RT-SCL-OPO-20270712-20270731,RT,SCL,OPO,OPO,2027-07-12,2027-07-31,otro,7,otra,EZE-AMS,KLM,KL 702 · KL 702 · KL 1573,2027-07-12 10:15,2027-07-13 15:30,1455,2,5819178,
2026-09-22,RT-SCL-OPO-20270712-20270731,RT,SCL,OPO,OPO,2027-07-12,2027-07-31,otro,8,paris,CDG,Air France,AF 407 · AF 1528,2027-07-12 10:10,2027-07-13 15:25,1455,1,6113355,
2026-09-22,RT-SCL-LIS-20270712-20270731,RT,SCL,LIS,LIS,2027-07-12,2027-07-31,mejor,0,madrid,MAD,Iberia,IB 118 · IB 531,2027-07-12 11:40,2027-07-13 11:50,1150,1,3155817,
2026-09-22,RT-SCL-LIS-20270712-20270731,RT,SCL,LIS,LIS,2027-07-12,2027-07-31,mejor,1,madrid,MAD,Iberia,IB 118 · IB 529,2027-07-12 11:40,2027-07-13 07:45,905,1,3235497,
2026-09-22,RT-SCL-LIS-20270712-20270731,RT,SCL,LIS,LIS,2027-07-12,2027-07-31,mejor,2,brasil,GRU,LATAM,LA 762 · LA 8146,2027-07-12 07:35,2027-07-13 07:10,1115,1,3623154,
2026-09-22,RT-SCL-LIS-20270712-20270731,RT,SCL,LIS,LIS,2027-07-12,2027-07-31,mejor,3,brasil,GRU,LATAM,LA 8155 · LA 8148,2027-07-12 15:50,2027-07-13 12:20,930,1,3623154,
2026-09-22,RT-SCL-LIS-20270712-20270731,RT,SCL,LIS,LIS,2027-07-12,2027-07-31,mejor,4,brasil,GRU,LATAM,LA 750 · LA 8146,2027-07-12 11:30,2027-07-13 07:10,880,1,3928434,
2026-09-22,RT-SCL-LIS-20270712-20270731,RT,SCL,LIS,LIS,2027-07-12,2027-07-31,otro,0,brasil,GRU-IST,Turkish Airlines,TK 216 · TK 216 · TK 1759,2027-07-12 10:15,2027-07-13 15:35,1460,2,4587234,
2026-09-22,RT-SCL-LIS-20270712-20270731,RT,SCL,LIS,LIS,2027-07-12,2027-07-31,otro,1,brasil,GRU,LATAM,LA 8153 · LA 8146,2027-07-12 04:45,2027-07-13 07:10,1285,1,4987902,
2026-09-22,RT-SCL-LIS-20270712-20270731,RT,SCL,LIS,LIS,2027-07-12,2027-07-31,otro,2,madrid,MAD,LATAM / Air Europa,LA 706 · UX 1157,2027-07-12 18:00,2027-07-13 19:15,1215,1,4996905,
2026-09-22,RT-SCL-LIS-20270712-20270731,RT,SCL,LIS,LIS,2027-07-12,2027-07-31,otro,3,brasil,GRU,LATAM,LA 714 · LA 8148,2027-07-12 15:55,2027-07-13 12:20,925,1,5523954,
2026-09-22,RT-SCL-LIS-20270712-20270731,RT,SCL,LIS,LIS,2027-07-12,2027-07-31,otro,4,otra,BOG-YYZ,Avianca / Air Canada,AV 240 · AC 95 · AC 810,2027-07-12 00:30,2027-07-13 11:00,1770,2,5609508,
2026-09-22,RT-SCL-LIS-20270712-20270731,RT,SCL,LIS,LIS,2027-07-12,2027-07-31,otro,5,paris,CDG,Air France,AF 407 · AF 1024,2027-07-12 10:10,2027-07-13 11:15,1205,1,6376113,
2026-09-22,RT-SCL-LIS-20270712-20270731,RT,SCL,LIS,LIS,2027-07-12,2027-07-31,otro,6,otra,BOG-MAD,Avianca / Tap Air Portugal,AV 116 · AV 10 · TP 1017,2027-07-12 15:20,2027-07-13 18:25,1325,2,7749417,
2026-09-22,RT-CCP-OPO-20270712-20270731,RT,CCP,OPO,OPO,2027-07-12,2027-07-31,mejor,0,madrid,SCL-MAD,LATAM / Iberia,LA 14 · IB 118 · IB 1149,2027-07-12 20:51,2027-07-14 11:45,2034,2,4704438,
2026-09-22,RT-CCP-OPO-20270712-20270731,RT,CCP,OPO,OPO,2027-07-12,2027-07-31,mejor,1,madrid,SCL-MAD,LATAM / Air Europa,LA 16 · LA 706 · UX 1141,2027-07-12 15:16,2027-07-13 19:20,1384,2,5069451,
2026-09-22,RT-CCP-OPO-20270712-20270731,RT,CCP,OPO,OPO,2027-07-12,2027-07-31,mejor,2,madrid,SCL-MAD,LATAM / Iberia,LA 4 · IB 118 · IB 543,2027-07-12 07:41,2027-07-13 07:40,1139,2,5420310,
2026-09-22,RT-CCP-OPO-20270712-20270731,RT,CCP,OPO,OPO,2027-07-12,2027-07-31,mejor,3,madrid,SCL-MAD,LATAM / Iberia,LA 16 · LA 706 · IB 1151,2027-07-12 15:16,2027-07-13 16:00,1184,2,5452803,
2026-09-22,RT-CCP-OPO-20270712-20270731,RT,CCP,OPO,OPO,2027-07-12,2027-07-31,otro,0,madrid,SCL-MAD,LATAM / Air Europa,LA 212 · LA 706 · UX 1141,2027-07-12 06:31,2027-07-13 19:20,1909,2,4987110,
2026-09-22,RT-CCP-OPO-20270712-20270731,RT,CCP,OPO,OPO,2027-07-12,2027-07-31,otro,1,madrid,SCL-MAD,LATAM / Iberia,LA 222 · IB 118 · IB 543,2027-07-12 18:51,2027-07-14 07:40,1909,2,5635494,
2026-09-22,RT-CCP-OPO-20270712-20270731,RT,CCP,OPO,OPO,2027-07-12,2027-07-31,otro,2,madrid,SCL-MAD,LATAM / Iberia,LA 14 · IB 118 · IB 543,2027-07-12 20:51,2027-07-14 07:40,1789,2,5715606,
2026-09-22,RT-CCP-OPO-20270712-20270731,RT,CCP,OPO,OPO,2027-07-12,2027-07-31,otro,3,paris,SCL-CDG,LATAM / Air France,LA 4 · AF 407 · AF 1528,2027-07-12 07:41,2027-07-13 15:25,1604,2,12996087,
2026-09-22,RT-SCL-OPO-20270713-20270729,RT,SCL,OPO,OPO,2027-07-13,2027-07-29,mejor,0,madrid,MAD,Iberia,IB 118 · IB 543,2027-07-13 11:40,2027-07-14 07:40,900,1,2766666,
2026-09-22,RT-SCL-OPO-20270713-20270729,RT,SCL,OPO,OPO,2027-07-13,2027-07-29,mejor,1,madrid,MAD,Iberia,IB 114 · IB 549,2027-07-13 23:20,2027-07-14 20:00,940,1,2766666,
2026-09-22,RT-SCL-OPO-20270713-20270729,RT,SCL,OPO,OPO,2027-07-13,2027-07-29,mejor,2,otra,BCN,Iberia / Vueling,IB 2606 · VY 1212,2027-07-13 10:10,2027-07-14 08:00,1010,1,3125706,
2026-09-22,RT-SCL-OPO-20270713-20270729,RT,SCL,OPO,OPO,2027-07-13,2027-07-29,otro,0,otra,BCN,Iberia / Vueling,IB 2606 · VY 1216,2027-07-13 10:10,2027-07-14 16:15,1505,1,3015306,
2026-09-22,RT-SCL-OPO-20270713-20270729,RT,SCL,OPO,OPO,2027-07-13,2027-07-29,otro,1,madrid,MAD,LATAM / Iberia,LA 706 · IB 549,2027-07-13 18:00,2027-07-14 20:00,1260,1,3083466,
2026-09-22,RT-SCL-OPO-20270713-20270729,RT,SCL,OPO,OPO,2027-07-13,2027-07-29,otro,2,madrid,MAD,LATAM / Iberia,LA 706 · IB 1151,2027-07-13 18:00,2027-07-14 16:00,1020,1,3307146,
2026-09-22,RT-SCL-OPO-20270713-20270729,RT,SCL,OPO,OPO,2027-07-13,2027-07-29,otro,3,otra,MVD-MAD,LATAM / Iberia,LA 410 · IB 170 · IB 549,2027-07-13 15:35,2027-07-14 20:00,1405,2,3315654,
2026-09-22,RT-SCL-OPO-20270713-20270729,RT,SCL,OPO,OPO,2027-07-13,2027-07-29,otro,4,madrid,MAD,LATAM / Air Europa,LA 706 · UX 1141,2027-07-13 18:00,2027-07-14 19:20,1220,1,3387594,
2026-09-22,RT-SCL-OPO-20270713-20270729,RT,SCL,OPO,OPO,2027-07-13,2027-07-29,otro,5,otra,BOG-YUL,Avianca / Air Canada,AV 240 · AC 99 · AC 928,2027-07-13 00:30,2027-07-14 10:00,1710,2,4097573,
2026-09-22,RT-SCL-OPO-20270713-20270729,RT,SCL,OPO,OPO,2027-07-13,2027-07-29,otro,6,brasil,GRU-IST,Turkish Airlines,TK 216 · TK 216 · TK 1451,2027-07-13 10:15,2027-07-14 15:40,1465,2,4270092,
2026-09-22,RT-SCL-OPO-20270713-20270729,RT,SCL,OPO,OPO,2027-07-13,2027-07-29,otro,7,madrid,MAD-LGW,Iberia / British Airways,IB 118 · IB 1861 · BA 2668,2027-07-13 11:40,2027-07-14 19:30,1610,2,4393428,
2026-09-22,RT-SCL-OPO-20270713-20270729,RT,SCL,OPO,OPO,2027-07-13,2027-07-29,otro,8,brasil,GRU-MAD,LATAM / Iberia,LA 714 · LA 8066 · IB 1151,2027-07-13 15:55,2027-07-14 16:00,1145,2,5432127,
2026-09-22,RT-SCL-OPO-20270713-20270729,RT,SCL,OPO,OPO,2027-07-13,2027-07-29,otro,9,brasil,GRU-MAD,LATAM / Iberia,LA 714 · LA 8076 · IB 1151,2027-07-13 15:55,2027-07-14 16:00,1145,2,5432127,
2026-09-22,RT-SCL-OPO-20270713-20270729,RT,SCL,OPO,OPO,2027-07-13,2027-07-29,otro,10,otra,EZE-AMS,KLM,KL 702 · KL 702 · KL 1573,2027-07-13 10:15,2027-07-14 15:30,1455,2,5465673,
2026-09-22,RT-SCL-OPO-20270713-20270729,RT,SCL,OPO,OPO,2027-07-13,2027-07-29,otro,11,paris,CDG,Air France,AF 407 · AF 1528,2027-07-13 10:10,2027-07-14 15:25,1455,1,7942482,
2026-09-22,RT-SCL-LIS-20270713-20270729,RT,SCL,LIS,LIS,2027-07-13,2027-07-29,mejor,0,madrid,MAD,Iberia,IB 118 · IB 529,2027-07-13 11:40,2027-07-14 07:45,905,1,2736297,
2026-09-22,RT-SCL-LIS-20270713-20270729,RT,SCL,LIS,LIS,2027-07-13,2027-07-29,mejor,1,madrid,MAD,Iberia,IB 114 · IB 537,2027-07-13 23:20,2027-07-14 20:05,945,1,2736297,
2026-09-22,RT-SCL-LIS-20270713-20270729,RT,SCL,LIS,LIS,2027-07-13,2027-07-29,mejor,2,madrid,MAD,LATAM / Iberia,LA 706 · IB 533,2027-07-13 18:00,2027-07-14 16:05,1025,1,3053097,
2026-09-22,RT-SCL-LIS-20270713-20270729,RT,SCL,LIS,LIS,2027-07-13,2027-07-29,mejor,3,otra,MDZ-GRU,LATAM,LA 434 · LA 8020 · LA 8146,2027-07-13 08:19,2027-07-14 07:10,1071,2,3526647,
2026-09-22,RT-SCL-LIS-20270713-20270729,RT,SCL,LIS,LIS,2027-07-13,2027-07-29,otro,0,madrid,MAD,LATAM / Air Europa,LA 706 · UX 1157,2027-07-13 18:00,2027-07-14 19:15,1215,1,3513705,
2026-09-22,RT-SCL-LIS-20270713-20270729,RT,SCL,LIS,LIS,2027-07-13,2027-07-29,otro,1,brasil,GRU,LATAM,LA 750 · LA 8146,2027-07-13 11:30,2027-07-14 07:10,880,1,3872619,
2026-09-22,RT-SCL-LIS-20270713-20270729,RT,SCL,LIS,LIS,2027-07-13,2027-07-29,otro,2,lima,LIM-GRU,LATAM,LA 2370 · LA 8005 · LA 8146,2027-07-13 03:50,2027-07-14 07:10,1340,2,4233714,
2026-09-22,RT-SCL-LIS-20270713-20270729,RT,SCL,LIS,LIS,2027-07-13,2027-07-29,otro,3,brasil,GRU-IST,Turkish Airlines,TK 216 · TK 216 · TK 1759,2027-07-13 10:15,2027-07-14 15:50,1475,2,4302114,
2026-09-22,RT-SCL-LIS-20270713-20270729,RT,SCL,LIS,LIS,2027-07-13,2027-07-29,otro,4,otra,EZE-LHR,British Airways,BA 244 · BA 244 · BA 506,2027-07-13 10:10,2027-07-14 17:55,1605,2,4392577,
2026-09-22,RT-SCL-LIS-20270713-20270729,RT,SCL,LIS,LIS,2027-07-13,2027-07-29,otro,5,paris,CDG,Air France,AF 407 · AF 1024,2027-07-13 10:10,2027-07-14 11:15,1205,1,7584753,
2026-09-22,RT-SCL-LIS-20270713-20270729,RT,SCL,LIS,LIS,2027-07-13,2027-07-29,otro,6,otra,BOG-MAD,Avianca / Tap Air Portugal,AV 116 · AV 10 · TP 1017,2027-07-13 15:20,2027-07-14 18:25,1325,2,7651290,
2026-09-22,RT-SCL-OPO-20270713-20270730,RT,SCL,OPO,OPO,2027-07-13,2027-07-30,mejor,0,madrid,MAD,Iberia,IB 118 · IB 543,2027-07-13 11:40,2027-07-14 07:40,900,1,2855886,
2026-09-22,RT-SCL-OPO-20270713-20270730,RT,SCL,OPO,OPO,2027-07-13,2027-07-30,mejor,1,madrid,MAD,Iberia,IB 114 · IB 549,2027-07-13 23:20,2027-07-14 20:00,940,1,2855886,
2026-09-22,RT-SCL-OPO-20270713-20270730,RT,SCL,OPO,OPO,2027-07-13,2027-07-30,mejor,2,otra,BCN,Iberia / Vueling,IB 2606 · VY 1212,2027-07-13 10:10,2027-07-14 08:00,1010,1,3213966,
2026-09-22,RT-SCL-OPO-20270713-20270730,RT,SCL,OPO,OPO,2027-07-13,2027-07-30,mejor,3,otra,MVD-MAD,LATAM / Iberia,LA 410 · IB 170 · IB 1151,2027-07-13 15:35,2027-07-14 16:00,1165,2,3334443,
2026-09-22,RT-SCL-OPO-20270713-20270730,RT,SCL,OPO,OPO,2027-07-13,2027-07-30,mejor,4,madrid,MAD,LATAM / Iberia,LA 706 · IB 1151,2027-07-13 18:00,2027-07-14 16:00,1020,1,3395406,
2026-09-22,RT-SCL-OPO-20270713-20270730,RT,SCL,OPO,OPO,2027-07-13,2027-07-30,otro,0,otra,BCN,Iberia / Vueling,IB 2606 · VY 1216,2027-07-13 10:10,2027-07-14 16:15,1505,1,3104526,
2026-09-22,RT-SCL-OPO-20270713-20270730,RT,SCL,OPO,OPO,2027-07-13,2027-07-30,otro,1,madrid,MAD,LATAM / Iberia,LA 706 · IB 549,2027-07-13 18:00,2027-07-14 20:00,1260,1,3172686,
2026-09-22,RT-SCL-OPO-20270713-20270730,RT,SCL,OPO,OPO,2027-07-13,2027-07-30,otro,2,madrid,MAD,LATAM / Air Europa,LA 706 · UX 1147,2027-07-13 18:00,2027-07-15 06:45,1905,1,3322206,
2026-09-22,RT-SCL-OPO-20270713-20270730,RT,SCL,OPO,OPO,2027-07-13,2027-07-30,otro,3,madrid,MAD,LATAM / Air Europa,LA 706 · UX 1141,2027-07-13 18:00,2027-07-14 19:20,1220,1,3737019,
2026-09-22,RT-SCL-OPO-20270713-20270730,RT,SCL,OPO,OPO,2027-07-13,2027-07-30,otro,4,brasil,GRU-IST,Turkish Airlines,TK 216 · TK 216 · TK 1451,2027-07-13 10:15,2027-07-14 15:40,1465,2,4135692,
2026-09-22,RT-SCL-OPO-20270713-20270730,RT,SCL,OPO,OPO,2027-07-13,2027-07-30,otro,5,otra,EZE-LHR,British Airways,BA 244 · BA 244 · BA 2668,2027-07-13 10:10,2027-07-14 19:30,1700,2,4461012,
2026-09-22,RT-SCL-OPO-20270713-20270730,RT,SCL,OPO,OPO,2027-07-13,2027-07-30,otro,6,otra,BOG-YUL,Avianca / Air Canada,AV 240 · AC 99 · AC 928,2027-07-13 00:30,2027-07-14 10:00,1710,2,4953398,
2026-09-22,RT-SCL-OPO-20270713-20270730,RT,SCL,OPO,OPO,2027-07-13,2027-07-30,otro,7,otra,EZE-AMS,KLM,KL 702 · KL 702 · KL 1573,2027-07-13 10:15,2027-07-14 15:30,1455,2,5908458,
2026-09-22,RT-SCL-OPO-20270713-20270730,RT,SCL,OPO,OPO,2027-07-13,2027-07-30,otro,8,paris,CDG,Air France,AF 407 · AF 1528,2027-07-13 10:10,2027-07-14 15:25,1455,1,7942482,
2026-09-23,RT-SCL-OPO-20270712-20270731,RT,SCL,OPO,OPO,2027-07-12,2027-07-31,mejor,0,madrid,MAD,Iberia,IB 118 · IB 543,2027-07-12 11:40,2027-07-13 07:40,900,1,3091144,
2026-09-23,RT-SCL-OPO-20270712-20270731,RT,SCL,OPO,OPO,2027-07-12,2027-07-31,mejor,1,madrid,MAD,LATAM / Iberia,LA 706 · IB 1151,2027-07-12 18:00,2027-07-13 16:00,1020,1,3406294,
2026-09-23,RT-SCL-OPO-20270712-20270731,RT,SCL,OPO,OPO,2027-07-12,2027-07-31,otro,0,paris,CDG,Air France,AF 407 · AF 1528,2027-07-12 10:10,2027-07-13 15:25,1455,1,6614544,
2026-09-23,RT-SCL-OPO-20270712-20270731,RT,SCL,OPO,OPO,2027-07-12,2027-07-31,otro,1,otra,MIA-PHL,American,AA 912 · AA 1284 · AA 1774,2027-07-12 20:35,2027-07-14 08:15,1840,2,6664137,
2026-09-23,RT-SCL-OPO-20270712-20270731,RT,SCL,OPO,OPO,2027-07-12,2027-07-31,otro,2,otra,MIA-PHL,American,AA 912 · AA 2764 · AA 1774,2027-07-12 20:35,2027-07-14 08:15,1840,2,6664137,
2026-09-23,RT-SCL-OPO-20270712-20270731,RT,SCL,OPO,OPO,2027-07-12,2027-07-31,otro,3,otra,MIA-PHL,American,AA 912 · AA 2124 · AA 1774,2027-07-12 20:35,2027-07-14 08:15,1840,2,6664137,
2026-09-23,RT-SCL-LIS-20270712-20270731,RT,SCL,LIS,LIS,2027-07-12,2027-07-31,mejor,0,madrid,MAD,Iberia,IB 118 · IB 531,2027-07-12 11:40,2027-07-13 11:50,1150,1,3139219,
2026-09-23,RT-SCL-LIS-20270712-20270731,RT,SCL,LIS,LIS,2027-07-12,2027-07-31,mejor,1,madrid,MAD,Iberia,IB 118 · IB 529,2027-07-12 11:40,2027-07-13 07:45,905,1,3218484,
2026-09-23,RT-SCL-LIS-20270712-20270731,RT,SCL,LIS,LIS,2027-07-12,2027-07-31,mejor,2,brasil,GRU,LATAM,LA 762 · LA 8146,2027-07-12 07:35,2027-07-13 07:10,1115,1,3604158,
2026-09-23,RT-SCL-LIS-20270712-20270731,RT,SCL,LIS,LIS,2027-07-12,2027-07-31,mejor,3,brasil,GRU,LATAM,LA 8155 · LA 8148,2027-07-12 15:50,2027-07-13 12:20,930,1,3604158,
2026-09-23,RT-SCL-LIS-20270712-20270731,RT,SCL,LIS,LIS,2027-07-12,2027-07-31,mejor,4,brasil,GRU,LATAM,LA 750 · LA 8146,2027-07-12 11:30,2027-07-13 07:10,880,1,3907848,
2026-09-23,RT-SCL-LIS-20270712-20270731,RT,SCL,LIS,LIS,2027-07-12,2027-07-31,otro,0,brasil,GRU-IST,Turkish Airlines,TK 216 · TK 216 · TK 1759,2027-07-12 10:15,2027-07-13 15:35,1460,2,4563170,
2026-09-23,RT-SCL-LIS-20270712-20270731,RT,SCL,LIS,LIS,2027-07-12,2027-07-31,otro,1,brasil,GRU,LATAM,LA 8153 · LA 8146,2027-07-12 04:45,2027-07-13 07:10,1285,1,4961685,
2026-09-23,RT-SCL-LIS-20270712-20270731,RT,SCL,LIS,LIS,2027-07-12,2027-07-31,otro,2,otra,BOG-YYZ,Avianca / Air Canada,AV 240 · AC 95 · AC 810,2027-07-12 00:30,2027-07-13 11:00,1770,2,5304816,
2026-09-23,RT-SCL-LIS-20270712-20270731,RT,SCL,LIS,LIS,2027-07-12,2027-07-31,otro,3,brasil,GRU,LATAM,LA 714 · LA 8148,2027-07-12 15:55,2027-07-13 12:20,925,1,5495058,
2026-09-23,RT-SCL-LIS-20270712-20270731,RT,SCL,LIS,LIS,2027-07-12,2027-07-31,otro,4,paris,CDG,Air France,AF 407 · AF 1024,2027-07-12 10:10,2027-07-13 11:15,1205,1,6342694,
2026-09-23,RT-CCP-OPO-20270712-20270731,RT,CCP,OPO,OPO,2027-07-12,2027-07-31,mejor,0,madrid,SCL-MAD,LATAM / Iberia,LA 14 · IB 118 · IB 1149,2027-07-12 20:51,2027-07-14 11:45,2034,2,4679853,
2026-09-23,RT-CCP-OPO-20270712-20270731,RT,CCP,OPO,OPO,2027-07-12,2027-07-31,mejor,1,madrid,SCL-MAD,LATAM / Air Europa,LA 6 · LA 706 · UX 1141,2027-07-12 14:44,2027-07-13 19:20,1416,2,5051238,
2026-09-23,RT-CCP-OPO-20270712-20270731,RT,CCP,OPO,OPO,2027-07-12,2027-07-31,mejor,2,madrid,SCL-MAD,LATAM / Iberia,LA 4 · IB 118 · IB 543,2027-07-12 07:41,2027-07-13 07:40,1139,2,5392193,
2026-09-23,RT-CCP-OPO-20270712-20270731,RT,CCP,OPO,OPO,2027-07-12,2027-07-31,mejor,3,madrid,SCL-MAD,LATAM / Iberia,LA 16 · LA 706 · IB 1151,2027-07-12 15:16,2027-07-13 16:00,1184,2,5758746,
2026-09-23,RT-CCP-OPO-20270712-20270731,RT,CCP,OPO,OPO,2027-07-12,2027-07-31,otro,0,madrid,SCL-MAD,LATAM / Air Europa,LA 212 · LA 706 · UX 1141,2027-07-12 06:31,2027-07-13 19:20,1909,2,4929594,
2026-09-23,RT-CCP-OPO-20270712-20270731,RT,CCP,OPO,OPO,2027-07-12,2027-07-31,otro,1,madrid,SCL-MAD,LATAM / Air Europa,LA 16 · LA 706 · UX 1147,2027-07-12 15:16,2027-07-14 06:45,2069,2,5075007,
2026-09-23,RT-CCP-OPO-20270712-20270731,RT,CCP,OPO,OPO,2027-07-12,2027-07-31,otro,2,madrid,SCL-MAD,LATAM / Iberia,LA 16 · LA 706 · IB 543,2027-07-12 15:16,2027-07-14 07:40,2124,2,5110701,
2026-09-23,RT-CCP-OPO-20270712-20270731,RT,CCP,OPO,OPO,2027-07-12,2027-07-31,otro,3,madrid,SCL-MAD,LATAM / Air Europa,LA 16 · LA 706 · UX 1141,2027-07-12 15:16,2027-07-13 19:20,1384,2,5377848,
2026-09-23,RT-SCL-LIS-20270713-20270730,RT,SCL,LIS,LIS,2027-07-13,2027-07-30,mejor,0,madrid,MAD,Iberia,IB 118 · IB 529,2027-07-13 11:40,2027-07-14 07:45,905,1,3106554,
2026-09-23,RT-SCL-LIS-20270713-20270730,RT,SCL,LIS,LIS,2027-07-13,2027-07-30,mejor,1,madrid,MAD,Iberia,IB 114 · IB 537,2027-07-13 23:20,2027-07-14 20:05,945,1,3106554,
2026-09-23,RT-SCL-LIS-20270713-20270730,RT,SCL,LIS,LIS,2027-07-13,2027-07-30,mejor,2,madrid,MAD,LATAM / Iberia,LA 706 · IB 533,2027-07-13 18:00,2027-07-14 16:05,1025,1,3514534,
2026-09-23,RT-SCL-LIS-20270713-20270730,RT,SCL,LIS,LIS,2027-07-13,2027-07-30,mejor,3,otra,MDZ-GRU,LATAM,LA 434 · LA 8020 · LA 8146,2027-07-13 08:19,2027-07-14 07:10,1071,2,3519990,
2026-09-23,RT-SCL-LIS-20270713-20270730,RT,SCL,LIS,LIS,2027-07-13,2027-07-30,mejor,4,brasil,GRU,LATAM,LA 750 · LA 8146,2027-07-13 11:30,2027-07-14 07:10,880,1,3905619,
2026-09-23,RT-SCL-LIS-20270713-20270730,RT,SCL,LIS,LIS,2027-07-13,2027-07-30,otro,0,madrid,MAD,Iberia,IB 118 · IB 537,2027-07-13 11:40,2027-07-14 20:05,1645,1,3064569,
2026-09-23,RT-SCL-LIS-20270713-20270730,RT,SCL,LIS,LIS,2027-07-13,2027-07-30,otro,1,madrid,MAD,LATAM / Iberia,LA 706 · IB 535,2027-07-13 18:00,2027-07-14 18:25,1165,1,3355950,
2026-09-23,RT-SCL-LIS-20270713-20270730,RT,SCL,LIS,LIS,2027-07-13,2027-07-30,otro,2,brasil,GRU-IST,Turkish Airlines,TK 216 · TK 216 · TK 1759,2027-07-13 10:15,2027-07-14 15:50,1475,2,4279535,
2026-09-23,RT-SCL-LIS-20270713-20270730,RT,SCL,LIS,LIS,2027-07-13,2027-07-30,otro,3,otra,BOG-YUL,Avianca / Air Canada,AV 240 · AC 99 · AC 812,2027-07-13 00:30,2027-07-14 09:20,1670,2,5304816,
2026-09-23,RT-SCL-LIS-20270713-20270730,RT,SCL,LIS,LIS,2027-07-13,2027-07-30,otro,4,otra,EZE-AMS,KLM,KL 702 · KL 702 · KL 1583,2027-07-13 10:15,2027-07-14 14:35,1400,2,6102207,
2026-09-23,RT-SCL-LIS-20270713-20270730,RT,SCL,LIS,LIS,2027-07-13,2027-07-30,otro,5,paris,CDG,Air France,AF 407 · AF 1024,2027-07-13 10:10,2027-07-14 11:15,1205,1,6102989,
2026-09-23,RT-SCL-OPO-20270713-20270731,RT,SCL,OPO,OPO,2027-07-13,2027-07-31,mejor,0,madrid,MAD,Iberia,IB 118 · IB 543,2027-07-13 11:40,2027-07-14 07:40,900,1,2929554,
2026-09-23,RT-SCL-OPO-20270713-20270731,RT,SCL,OPO,OPO,2027-07-13,2027-07-31,mejor,1,madrid,MAD,Iberia,IB 114 · IB 549,2027-07-13 23:20,2027-07-14 20:00,940,1,2929554,
2026-09-23,RT-SCL-OPO-20270713-20270731,RT,SCL,OPO,OPO,2027-07-13,2027-07-31,mejor,2,otra,BCN,Iberia / Vueling,IB 2606 · VY 1212,2027-07-13 10:10,2027-07-14 08:00,1010,1,3286726,
2026-09-23,RT-SCL-OPO-20270713-20270731,RT,SCL,OPO,OPO,2027-07-13,2027-07-31,mejor,3,otra,MVD-MAD,LATAM / Iberia,LA 410 · IB 170 · IB 1151,2027-07-13 15:35,2027-07-14 16:00,1165,2,3329709,
2026-09-23,RT-SCL-OPO-20270713-20270731,RT,SCL,OPO,OPO,2027-07-13,2027-07-31,mejor,4,madrid,MAD,LATAM / Iberia,LA 706 · IB 1151,2027-07-13 18:00,2027-07-14 16:00,1020,1,3467219,
2026-09-23,RT-SCL-OPO-20270713-20270731,RT,SCL,OPO,OPO,2027-07-13,2027-07-31,otro,0,otra,BCN,Iberia / Vueling,IB 2606 · VY 1216,2027-07-13 10:10,2027-07-14 16:15,1505,1,3111147,
2026-09-23,RT-SCL-OPO-20270713-20270731,RT,SCL,OPO,OPO,2027-07-13,2027-07-31,otro,1,madrid,MAD,LATAM / Iberia,LA 706 · IB 549,2027-07-13 18:00,2027-07-14 20:00,1260,1,3178950,
2026-09-23,RT-SCL-OPO-20270713-20270731,RT,SCL,OPO,OPO,2027-07-13,2027-07-31,otro,2,madrid,MAD,LATAM / Air Europa,LA 706 · UX 1147,2027-07-13 18:00,2027-07-15 06:45,1905,1,3198591,
2026-09-23,RT-SCL-OPO-20270713-20270731,RT,SCL,OPO,OPO,2027-07-13,2027-07-31,otro,3,otra,BCN,Iberia / Vueling,IB 2606 · VY 1214,2027-07-13 10:10,2027-07-14 13:10,1320,1,3220972,
2026-09-23,RT-SCL-OPO-20270713-20270731,RT,SCL,OPO,OPO,2027-07-13,2027-07-31,otro,4,brasil,GRU-IST,Turkish Airlines,TK 216 · TK 216 · TK 1451,2027-07-13 10:15,2027-07-14 15:40,1465,2,4244846,
2026-09-23,RT-SCL-OPO-20270713-20270731,RT,SCL,OPO,OPO,2027-07-13,2027-07-31,otro,5,otra,BOG-YUL,Avianca / Air Canada,AV 240 · AC 99 · AC 928,2027-07-13 00:30,2027-07-14 10:00,1710,2,4523545,
2026-09-23,RT-SCL-OPO-20270713-20270731,RT,SCL,OPO,OPO,2027-07-13,2027-07-31,otro,6,otra,EZE-AMS,KLM,KL 702 · KL 702 · KL 1573,2027-07-13 10:15,2027-07-14 15:30,1455,2,5877457,
2026-09-23,RT-SCL-OPO-20270713-20270731,RT,SCL,OPO,OPO,2027-07-13,2027-07-31,otro,7,paris,CDG,Air France,AF 407 · AF 1528,2027-07-13 10:10,2027-07-14 15:25,1455,1,6320074,
2026-09-23,RT-SCL-LIS-20270713-20270731,RT,SCL,LIS,LIS,2027-07-13,2027-07-31,mejor,0,madrid,MAD,Iberia,IB 118 · IB 529,2027-07-13 11:40,2027-07-14 07:45,905,1,3060909,
2026-09-23,RT-SCL-LIS-20270713-20270731,RT,SCL,LIS,LIS,2027-07-13,2027-07-31,mejor,1,madrid,MAD,Iberia,IB 114 · IB 537,2027-07-13 23:20,2027-07-14 20:05,945,1,3060909,
2026-09-23,RT-SCL-LIS-20270713-20270731,RT,SCL,LIS,LIS,2027-07-13,2027-07-31,mejor,2,madrid,MAD,LATAM / Iberia,LA 706 · IB 535,2027-07-13 18:00,2027-07-14 18:25,1165,1,3376059,
2026-09-23,RT-SCL-LIS-20270713-20270731,RT,SCL,LIS,LIS,2027-07-13,2027-07-31,mejor,3,madrid,MAD,LATAM / Iberia,LA 706 · IB 533,2027-07-13 18:00,2027-07-14 16:05,1025,1,3514534,
2026-09-23,RT-SCL-LIS-20270713-20270731,RT,SCL,LIS,LIS,2027-07-13,2027-07-31,mejor,4,otra,MDZ-GRU,LATAM,LA 434 · LA 8020 · LA 8146,2027-07-13 08:19,2027-07-14 07:10,1071,2,3522219,
2026-09-23,RT-SCL-LIS-20270713-20270731,RT,SCL,LIS,LIS,2027-07-13,2027-07-31,otro,0,brasil,GRU-IST,Turkish Airlines,TK 216 · TK 216 · TK 1759,2027-07-13 10:15,2027-07-14 15:50,1475,2,4563170,
2026-09-23,RT-SCL-LIS-20270713-20270731,RT,SCL,LIS,LIS,2027-07-13,2027-07-31,otro,1,otra,BOG-YUL,Avianca / Air Canada,AV 240 · AC 99 · AC 812,2027-07-13 00:30,2027-07-14 09:20,1670,2,5291063,
2026-09-23,RT-SCL-LIS-20270713-20270731,RT,SCL,LIS,LIS,2027-07-13,2027-07-31,otro,2,otra,EZE-AMS,KLM,KL 702 · KL 702 · KL 1583,2027-07-13 10:15,2027-07-14 14:35,1400,2,6102207,
2026-09-23,RT-SCL-LIS-20270713-20270731,RT,SCL,LIS,LIS,2027-07-13,2027-07-31,otro,3,paris,CDG,Air France,AF 407 · AF 1024,2027-07-13 10:10,2027-07-14 11:15,1205,1,6102989,
2026-09-23,RT-SCL-LIS-20270713-20270731,RT,SCL,LIS,LIS,2027-07-13,2027-07-31,otro,4,brasil,GIG-GRU,LATAM,LA 778 · LA 3429 · LA 8146,2027-07-13 07:15,2027-07-14 07:10,1135,2,6968613,
2026-09-23,RT-SCL-LIS-20270713-20270731,RT,SCL,LIS,LIS,2027-07-13,2027-07-31,otro,5,madrid,MAD,LATAM / Air Europa,LA 706 · UX 1157,2027-07-13 18:00,2027-07-14 19:15,1215,1,6973236,
2026-09-24,RT-SCL-OPO-20270712-20270731,RT,SCL,OPO,OPO,2027-07-12,2027-07-31,mejor,0,madrid,MAD,Iberia,IB 118 · IB 543,2027-07-12 11:40,2027-07-13 07:40,900,1,2985414,
2026-09-24,RT-SCL-OPO-20270712-20270731,RT,SCL,OPO,OPO,2027-07-12,2027-07-31,mejor,1,madrid,MAD,LATAM / Air Europa,LA 706 · UX 1147,2027-07-12 18:00,2027-07-14 06:45,1905,1,3174618,
2026-09-24,RT-SCL-OPO-20270712-20270731,RT,SCL,OPO,OPO,2027-07-12,2027-07-31,mejor,2,madrid,MAD,LATAM / Iberia,LA 706 · IB 543,2027-07-12 18:00,2027-07-14 07:40,1960,1,3178914,
2026-09-24,RT-SCL-OPO-20270712-20270731,RT,SCL,OPO,OPO,2027-07-12,2027-07-31,mejor,3,madrid,MAD,LATAM / Iberia,LA 706 · IB 1151,2027-07-12 18:00,2027-07-13 16:00,1020,1,3220518,
2026-09-24,RT-SCL-OPO-20270712-20270731,RT,SCL,OPO,OPO,2027-07-12,2027-07-31,mejor,4,brasil,GRU-IST,Turkish Airlines,TK 216 · TK 216 · TK 1451,2027-07-12 10:15,2027-07-13 15:40,1465,2,4213494,
2026-09-24,RT-SCL-OPO-20270712-20270731,RT,SCL,OPO,OPO,2027-07-12,2027-07-31,otro,0,lima,LIM-YUL,LATAM / Air Canada,LA 2444 · AC 89 · AC 928,2027-07-12 21:55,2027-07-14 10:00,1865,2,4690038,
2026-09-24,RT-SCL-OPO-20270712-20270731,RT,SCL,OPO,OPO,2027-07-12,2027-07-31,otro,1,madrid,MAD,LATAM / Air Europa,LA 706 · UX 1141,2027-07-12 18:00,2027-07-13 19:20,1220,1,4749633,
2026-09-24,RT-SCL-OPO-20270712-20270731,RT,SCL,OPO,OPO,2027-07-12,2027-07-31,otro,2,otra,BOG-YUL,LATAM / Air Canada,LA 572 · AC 99 · AC 928,2027-07-12 23:05,2027-07-14 10:00,1795,2,4756398,
2026-09-24,RT-SCL-OPO-20270712-20270731,RT,SCL,OPO,OPO,2027-07-12,2027-07-31,otro,3,otra,EZE-AMS,KLM,KL 702 · KL 702 · KL 1577,2027-07-12 10:15,2027-07-13 22:15,1860,2,6091863,
2026-09-24,RT-SCL-OPO-20270712-20270731,RT,SCL,OPO,OPO,2027-07-12,2027-07-31,otro,4,paris,CDG,Air France,AF 407 · AF 1528,2027-07-12 10:10,2027-07-13 15:25,1455,1,6330309,
2026-09-24,RT-SCL-OPO-20270712-20270731,RT,SCL,OPO,OPO,2027-07-12,2027-07-31,otro,5,otra,EZE-AMS,KLM,KL 702 · KL 702 · KL 1573,2027-07-12 10:15,2027-07-13 15:30,1455,2,6330759,
2026-09-24,RT-SCL-LIS-20270712-20270731,RT,SCL,LIS,LIS,2027-07-12,2027-07-31,mejor,0,madrid,MAD,Iberia,IB 118 · IB 529,2027-07-12 11:40,2027-07-13 07:45,905,1,3115929,
2026-09-24,RT-SCL-LIS-20270712-20270731,RT,SCL,LIS,LIS,2027-07-12,2027-07-31,mejor,1,brasil,GRU,LATAM,LA 762 · LA 8146,2027-07-12 07:35,2027-07-13 07:10,1115,1,3577527,
2026-09-24,RT-SCL-LIS-20270712-20270731,RT,SCL,LIS,LIS,2027-07-12,2027-07-31,mejor,2,brasil,GRU,LATAM,LA 8155 · LA 8148,2027-07-12 15:50,2027-07-13 12:20,930,1,3577527,
2026-09-24,RT-SCL-LIS-20270712-20270731,RT,SCL,LIS,LIS,2027-07-12,2027-07-31,mejor,3,brasil,GRU,LATAM,LA 750 · LA 8146,2027-07-12 11:30,2027-07-13 07:10,880,1,3878991,
2026-09-24,RT-SCL-LIS-20270712-20270731,RT,SCL,LIS,LIS,2027-07-12,2027-07-31,otro,0,brasil,GRU-IST,Turkish Airlines,TK 216 · TK 216 · TK 1759,2027-07-12 10:15,2027-07-13 15:35,1460,2,4529433,
2026-09-24,RT-SCL-LIS-20270712-20270731,RT,SCL,LIS,LIS,2027-07-12,2027-07-31,otro,1,brasil,GRU,LATAM,LA 8153 · LA 8146,2027-07-12 04:45,2027-07-13 07:10,1285,1,4924908,
2026-09-24,RT-SCL-LIS-20270712-20270731,RT,SCL,LIS,LIS,2027-07-12,2027-07-31,otro,2,otra,BOG-YYZ,Avianca / Air Canada,AV 240 · AC 95 · AC 810,2027-07-12 00:30,2027-07-13 11:00,1770,2,4992506,
2026-09-24,RT-SCL-LIS-20270712-20270731,RT,SCL,LIS,LIS,2027-07-12,2027-07-31,otro,3,brasil,GRU,LATAM,LA 714 · LA 8148,2027-07-12 15:55,2027-07-13 12:20,925,1,5454567,
2026-09-24,RT-SCL-LIS-20270712-20270731,RT,SCL,LIS,LIS,2027-07-12,2027-07-31,otro,4,paris,CDG,Air France,AF 407 · AF 1024,2027-07-12 10:10,2027-07-13 11:15,1205,1,6352725,
2026-09-24,RT-CCP-OPO-20270712-20270731,RT,CCP,OPO,OPO,2027-07-12,2027-07-31,mejor,0,madrid,SCL-MAD,LATAM / Iberia,LA 14 · IB 118 · IB 1149,2027-07-12 20:51,2027-07-14 11:45,2034,2,4645857,
2026-09-24,RT-CCP-OPO-20270712-20270731,RT,CCP,OPO,OPO,2027-07-12,2027-07-31,mejor,1,madrid,SCL-MAD,LATAM / Air Europa,LA 6 · LA 706 · UX 1141,2027-07-12 14:44,2027-07-13 19:20,1416,2,5217789,
2026-09-24,RT-CCP-OPO-20270712-20270731,RT,CCP,OPO,OPO,2027-07-12,2027-07-31,mejor,2,madrid,SCL-MAD,LATAM / Iberia,LA 4 · IB 118 · IB 543,2027-07-12 07:41,2027-07-13 07:40,1139,2,5352777,
2026-09-24,RT-CCP-OPO-20270712-20270731,RT,CCP,OPO,OPO,2027-07-12,2027-07-31,mejor,3,madrid,SCL-MAD,LATAM / Iberia,LA 16 · LA 706 · IB 1151,2027-07-12 15:16,2027-07-13 16:00,1184,2,5800998,
2026-09-24,RT-CCP-OPO-20270712-20270731,RT,CCP,OPO,OPO,2027-07-12,2027-07-31,otro,0,madrid,SCL-MAD,LATAM / Air Europa,LA 212 · LA 706 · UX 1141,2027-07-12 06:31,2027-07-13 19:20,1909,2,4925001,
2026-09-24,RT-CCP-OPO-20270712-20270731,RT,CCP,OPO,OPO,2027-07-12,2027-07-31,otro,1,madrid,SCL-MAD,LATAM / Air Europa,LA 16 · LA 706 · UX 1141,2027-07-12 15:16,2027-07-13 19:20,1384,2,5338341,
2026-09-24,RT-CCP-OPO-20270712-20270731,RT,CCP,OPO,OPO,2027-07-12,2027-07-31,otro,2,madrid,SCL-MAD,LATAM / Iberia,LA 222 · IB 118 · IB 543,2027-07-12 18:51,2027-07-14 07:40,1909,2,5565273,
2026-09-24,RT-CCP-OPO-20270712-20270731,RT,CCP,OPO,OPO,2027-07-12,2027-07-31,otro,3,madrid,SCL-MAD,LATAM / Iberia,LA 16 · LA 706 · IB 549,2027-07-12 15:16,2027-07-13 20:00,1424,2,5596701,
2026-09-24,RT-SCL-OPO-20270713-20270801,RT,SCL,OPO,OPO,2027-07-13,2027-08-01,otro,0,madrid,MAD,Iberia,IB 118 · IB 543,2027-07-13 11:40,2027-07-14 07:40,900,1,2809437,"Vuelta verificada: IB 544 · IB 113, sale 2027-08-01 08:20, llega 2027-08-01 21:40"
2026-09-24,RT-SCL-LIS-20270713-20270801,RT,SCL,LIS,LIS,2027-07-13,2027-08-01,otro,0,madrid,MAD,Iberia,IB 118 · IB 529,2027-07-13 11:40,2027-07-14 07:45,905,1,2779389,"Vuelta verificada: IB 540 · IB 113, sale 2027-08-01 06:35, llega 2027-08-01 21:40"
2026-09-24,RT-SCL-OPO-20270714-20270729,RT,SCL,OPO,OPO,2027-07-14,2027-07-29,mejor,0,madrid,MAD,Iberia,IB 118 · IB 543,2027-07-14 11:40,2027-07-15 07:40,900,1,2809437,
2026-09-24,RT-SCL-OPO-20270714-20270729,RT,SCL,OPO,OPO,2027-07-14,2027-07-29,mejor,1,madrid,MAD,Iberia,IB 114 · IB 549,2027-07-14 23:20,2027-07-15 20:00,940,1,2809437,
2026-09-24,RT-SCL-OPO-20270714-20270729,RT,SCL,OPO,OPO,2027-07-14,2027-07-29,mejor,2,madrid,MAD,LATAM / Iberia,LA 706 · IB 1151,2027-07-14 18:00,2027-07-15 16:00,1020,1,3044541,
2026-09-24,RT-SCL-OPO-20270714-20270729,RT,SCL,OPO,OPO,2027-07-14,2027-07-29,mejor,3,otra,MVD-MAD,LATAM / Iberia,LA 410 · IB 170 · IB 1151,2027-07-14 15:35,2027-07-15 16:00,1165,2,3273828,
2026-09-24,RT-SCL-OPO-20270714-20270729,RT,SCL,OPO,OPO,2027-07-14,2027-07-29,mejor,4,madrid,MAD,LATAM / Air Europa,LA 708 · UX 1143,2027-07-14 15:05,2027-07-15 15:15,1150,1,3344553,
2026-09-24,RT-SCL-OPO-20270714-20270729,RT,SCL,OPO,OPO,2027-07-14,2027-07-29,otro,0,madrid,MAD,LATAM / Iberia,LA 708 · IB 1151,2027-07-14 15:05,2027-07-15 16:00,1195,1,3044541,
2026-09-24,RT-SCL-OPO-20270714-20270729,RT,SCL,OPO,OPO,2027-07-14,2027-07-29,otro,1,madrid,MAD,LATAM / Air Europa,LA 706 · UX 1141,2027-07-14 18:00,2027-07-15 19:20,1220,1,3344553,
2026-09-24,RT-SCL-OPO-20270714-20270729,RT,SCL,OPO,OPO,2027-07-14,2027-07-29,otro,2,madrid,MAD-LGW,Iberia / British Airways,IB 118 · IB 1861 · BA 2668,2027-07-14 11:40,2027-07-15 19:05,1585,2,3509610,
2026-09-24,RT-SCL-OPO-20270714-20270729,RT,SCL,OPO,OPO,2027-07-14,2027-07-29,otro,3,otra,BOG-YYZ-YUL,Avianca / Air Canada,AV 240 · AC 95 · AC 422 · AC 928,2027-07-14 00:30,2027-07-15 10:00,1710,3,3757188,
2026-09-24,RT-SCL-OPO-20270714-20270729,RT,SCL,OPO,OPO,2027-07-14,2027-07-29,otro,4,otra,BOG-YYZ-YUL,Avianca / Air Canada,AV 240 · AC 95 · AC 424 · AC 928,2027-07-14 00:30,2027-07-15 10:00,1710,3,3757188,
2026-09-24,RT-SCL-OPO-20270714-20270729,RT,SCL,OPO,OPO,2027-07-14,2027-07-29,otro,5,brasil,GRU-IST,Turkish Airlines,TK 216 · TK 216 · TK 1451,2027-07-14 10:15,2027-07-15 15:40,1465,2,4368018,
2026-09-24,RT-SCL-OPO-20270714-20270729,RT,SCL,OPO,OPO,2027-07-14,2027-07-29,otro,6,paris,CDG,Air France,AF 407 · AF 1528,2027-07-14 10:10,2027-07-15 15:25,1455,1,5428137,
2026-09-24,RT-SCL-OPO-20270714-20270729,RT,SCL,OPO,OPO,2027-07-14,2027-07-29,otro,7,madrid,MAD,LATAM / Iberia,LA 708 · IB 1149,2027-07-14 15:05,2027-07-15 11:45,940,1,5705073,
2026-09-24,RT-SCL-OPO-20270714-20270729,RT,SCL,OPO,OPO,2027-07-14,2027-07-29,otro,8,otra,EZE-AMS,KLM,KL 702 · KL 702 · KL 1573,2027-07-14 10:15,2027-07-15 15:30,1455,2,5892333,
2026-09-25,RT-SCL-OPO-20270712-20270731,RT,SCL,OPO,OPO,2027-07-12,2027-07-31,mejor,0,madrid,MAD,Iberia,IB 118 · IB 543,2027-07-12 11:40,2027-07-13 07:40,900,1,3006454,
2026-09-25,RT-SCL-OPO-20270712-20270731,RT,SCL,OPO,OPO,2027-07-12,2027-07-31,mejor,1,madrid,MAD,LATAM / Air Europa,LA 706 · UX 1147,2027-07-12 18:00,2027-07-14 06:45,1905,1,3196722,
2026-09-25,RT-SCL-OPO-20270712-20270731,RT,SCL,OPO,OPO,2027-07-12,2027-07-31,mejor,2,madrid,MAD,LATAM / Iberia,LA 706 · IB 543,2027-07-12 18:00,2027-07-14 07:40,1960,1,3201555,
2026-09-25,RT-SCL-OPO-20270712-20270731,RT,SCL,OPO,OPO,2027-07-12,2027-07-31,mejor,3,madrid,MAD,LATAM / Iberia,LA 706 · IB 1151,2027-07-12 18:00,2027-07-13 16:00,1020,1,3243294,
2026-09-25,RT-SCL-OPO-20270712-20270731,RT,SCL,OPO,OPO,2027-07-12,2027-07-31,mejor,4,brasil,GRU-IST,Turkish Airlines,TK 216 · TK 216 · TK 1451,2027-07-12 10:15,2027-07-13 15:40,1465,2,4244012,
2026-09-25,RT-SCL-OPO-20270712-20270731,RT,SCL,OPO,OPO,2027-07-12,2027-07-31,otro,0,lima,LIM-YUL,LATAM / Air Canada,LA 2444 · AC 89 · AC 928,2027-07-12 21:55,2027-07-14 10:00,1865,2,4724207,
2026-09-25,RT-SCL-OPO-20270712-20270731,RT,SCL,OPO,OPO,2027-07-12,2027-07-31,otro,1,otra,BOG-YUL,LATAM / Air Canada,LA 572 · AC 99 · AC 928,2027-07-12 23:05,2027-07-14 10:00,1795,2,4791057,
2026-09-25,RT-SCL-OPO-20270712-20270731,RT,SCL,OPO,OPO,2027-07-12,2027-07-31,otro,2,otra,EZE-AMS,KLM,KL 702 · KL 702 · KL 1577,2027-07-12 10:15,2027-07-13 22:15,1860,2,6135903,
2026-09-25,RT-SCL-OPO-20270712-20270731,RT,SCL,OPO,OPO,2027-07-12,2027-07-31,otro,3,otra,EZE-AMS,KLM,KL 702 · KL 702 · KL 1573,2027-07-12 10:15,2027-07-13 15:30,1455,2,6376563,
2026-09-25,RT-SCL-OPO-20270712-20270731,RT,SCL,OPO,OPO,2027-07-12,2027-07-31,otro,4,paris,CDG,Air France,AF 407 · AF 1528,2027-07-12 10:10,2027-07-13 15:25,1455,1,6670389,
2026-09-25,RT-SCL-OPO-20270712-20270731,RT,SCL,OPO,OPO,2027-07-12,2027-07-31,otro,5,otra,MIA-PHL,American,AA 912 · AA 1284 · AA 1774,2027-07-12 20:35,2027-07-14 08:15,1840,2,7041753,
2026-09-25,RT-SCL-LIS-20270712-20270731,RT,SCL,LIS,LIS,2027-07-12,2027-07-31,mejor,0,madrid,MAD,Iberia,IB 118 · IB 529,2027-07-12 11:40,2027-07-13 07:45,905,1,3138241,
2026-09-25,RT-SCL-LIS-20270712-20270731,RT,SCL,LIS,LIS,2027-07-12,2027-07-31,mejor,1,brasil,GRU,LATAM,LA 762 · LA 8146,2027-07-12 07:35,2027-07-13 07:10,1115,1,3603408,
2026-09-25,RT-SCL-LIS-20270712-20270731,RT,SCL,LIS,LIS,2027-07-12,2027-07-31,mejor,2,brasil,GRU,LATAM,LA 8155 · LA 8148,2027-07-12 15:50,2027-07-13 12:20,930,1,3603408,
2026-09-25,RT-SCL-LIS-20270712-20270731,RT,SCL,LIS,LIS,2027-07-12,2027-07-31,mejor,3,brasil,GRU,LATAM,LA 750 · LA 8146,2027-07-12 11:30,2027-07-13 07:10,880,1,3907098,
2026-09-25,RT-SCL-LIS-20270712-20270731,RT,SCL,LIS,LIS,2027-07-12,2027-07-31,otro,0,brasil,GRU-IST,Turkish Airlines,TK 216 · TK 216 · TK 1759,2027-07-12 10:15,2027-07-13 15:35,1460,2,4562150,
2026-09-25,RT-SCL-LIS-20270712-20270731,RT,SCL,LIS,LIS,2027-07-12,2027-07-31,otro,1,otra,BOG-YYZ,Avianca / Air Canada,AV 240 · AC 95 · AC 810,2027-07-12 00:30,2027-07-13 11:00,1770,2,4970354,
2026-09-25,RT-SCL-LIS-20270712-20270731,RT,SCL,LIS,LIS,2027-07-12,2027-07-31,otro,2,brasil,GRU,LATAM,LA 8153 · LA 8146,2027-07-12 04:45,2027-07-13 07:10,1285,1,5046189,
2026-09-25,RT-SCL-LIS-20270712-20270731,RT,SCL,LIS,LIS,2027-07-12,2027-07-31,otro,3,brasil,GRU,LATAM,LA 714 · LA 8148,2027-07-12 15:55,2027-07-13 12:20,925,1,5494308,
2026-09-25,RT-SCL-LIS-20270712-20270731,RT,SCL,LIS,LIS,2027-07-12,2027-07-31,otro,4,paris,CDG,Air France,AF 407 · AF 1024,2027-07-12 10:10,2027-07-13 11:15,1205,1,6398737,
2026-09-25,RT-CCP-OPO-20270712-20270731,RT,CCP,OPO,OPO,2027-07-12,2027-07-31,mejor,0,madrid,SCL-MAD,LATAM / Iberia,LA 14 · IB 118 · IB 1149,2027-07-12 20:51,2027-07-14 11:45,2034,2,4679202,
2026-09-25,RT-CCP-OPO-20270712-20270731,RT,CCP,OPO,OPO,2027-07-12,2027-07-31,mejor,1,madrid,SCL-MAD,LATAM / Air Europa,LA 6 · LA 706 · UX 1141,2027-07-12 14:44,2027-07-13 19:20,1416,2,5255355,
2026-09-25,RT-CCP-OPO-20270712-20270731,RT,CCP,OPO,OPO,2027-07-12,2027-07-31,mejor,2,madrid,SCL-MAD,LATAM / Iberia,LA 4 · IB 118 · IB 543,2027-07-12 07:41,2027-07-13 07:40,1139,2,5391344,
2026-09-25,RT-CCP-OPO-20270712-20270731,RT,CCP,OPO,OPO,2027-07-12,2027-07-31,otro,0,madrid,SCL-MAD,LATAM / Air Europa,LA 212 · LA 706 · UX 1141,2027-07-12 06:31,2027-07-13 19:20,1909,2,4960404,
2026-09-25,RT-CCP-OPO-20270712-20270731,RT,CCP,OPO,OPO,2027-07-12,2027-07-31,otro,1,madrid,SCL-MAD,LATAM / Air Europa,LA 16 · LA 706 · UX 1141,2027-07-12 15:16,2027-07-13 19:20,1384,2,5376294,
2026-09-25,RT-CCP-OPO-20270712-20270731,RT,CCP,OPO,OPO,2027-07-12,2027-07-31,otro,2,madrid,SCL-MAD,LATAM / Iberia,LA 222 · IB 118 · IB 543,2027-07-12 18:51,2027-07-14 07:40,1909,2,5605408,
2026-09-25,RT-CCP-OPO-20270712-20270731,RT,CCP,OPO,OPO,2027-07-12,2027-07-31,otro,3,madrid,SCL-MAD,LATAM / Iberia,LA 16 · LA 706 · IB 549,2027-07-12 15:16,2027-07-13 20:00,1424,2,5757948,
2026-09-25,RT-CCP-OPO-20270712-20270731,RT,CCP,OPO,OPO,2027-07-12,2027-07-31,otro,4,madrid,SCL-MAD,LATAM / Iberia,LA 16 · LA 706 · IB 1151,2027-07-12 15:16,2027-07-13 16:00,1184,2,6458079,
2026-09-25,RT-SCL-LIS-20270714-20270729,RT,SCL,LIS,LIS,2027-07-14,2027-07-29,mejor,0,madrid,MAD,Iberia,IB 118 · IB 529,2027-07-14 11:40,2027-07-15 07:45,905,1,2799216,
2026-09-25,RT-SCL-LIS-20270714-20270729,RT,SCL,LIS,LIS,2027-07-14,2027-07-29,mejor,1,madrid,MAD,Iberia,IB 114 · IB 537,2027-07-14 23:20,2027-07-15 20:05,945,1,2799216,
2026-09-25,RT-SCL-LIS-20270714-20270729,RT,SCL,LIS,LIS,2027-07-14,2027-07-29,mejor,2,madrid,MAD,LATAM / Iberia,LA 706 · IB 533,2027-07-14 18:00,2027-07-15 16:05,1025,1,3036056,
2026-09-25,RT-SCL-LIS-20270714-20270729,RT,SCL,LIS,LIS,2027-07-14,2027-07-29,otro,0,brasil,GRU,LATAM,LA 762 · LA 8146,2027-07-14 07:35,2027-07-15 07:10,1115,1,3453249,
2026-09-25,RT-SCL-LIS-20270714-20270729,RT,SCL,LIS,LIS,2027-07-14,2027-07-29,otro,1,madrid,MAD,LATAM / Air Europa,LA 706 · UX 1157,2027-07-14 18:00,2027-07-15 19:15,1215,1,3461928,
2026-09-25,RT-SCL-LIS-20270714-20270729,RT,SCL,LIS,LIS,2027-07-14,2027-07-29,otro,2,madrid,MAD,LATAM / Air Europa,LA 708 · UX 1155,2027-07-14 15:05,2027-07-15 15:15,1150,1,3493443,
2026-09-25,RT-SCL-LIS-20270714-20270729,RT,SCL,LIS,LIS,2027-07-14,2027-07-29,otro,3,brasil,GRU,LATAM,LA 8105 · LA 8146,2027-07-14 18:30,2027-07-16 07:10,1900,1,3553524,
2026-09-25,RT-SCL-LIS-20270714-20270729,RT,SCL,LIS,LIS,2027-07-14,2027-07-29,otro,4,brasil,GRU-IST,Turkish Airlines,TK 216 · TK 216 · TK 1759,2027-07-14 10:15,2027-07-15 15:35,1460,2,4431315,
2026-09-25,RT-SCL-LIS-20270714-20270729,RT,SCL,LIS,LIS,2027-07-14,2027-07-29,otro,5,lima,LIM-GRU,LATAM,LA 2370 · LA 8005 · LA 8146,2027-07-14 03:50,2027-07-15 07:10,1340,2,4462908,
2026-09-25,RT-SCL-LIS-20270714-20270729,RT,SCL,LIS,LIS,2027-07-14,2027-07-29,otro,6,otra,EZE-LHR,British Airways,BA 244 · BA 244 · BA 502,2027-07-14 10:10,2027-07-15 14:10,1380,2,4514604,
2026-09-25,RT-SCL-LIS-20270714-20270729,RT,SCL,LIS,LIS,2027-07-14,2027-07-29,otro,7,paris,CDG,Air France,AF 407 · AF 1024,2027-07-14 10:10,2027-07-15 11:15,1205,1,5867757,
2026-09-25,RT-SCL-OPO-20270714-20270730,RT,SCL,OPO,OPO,2027-07-14,2027-07-30,mejor,0,madrid,MAD,Iberia,IB 118 · IB 543,2027-07-14 11:40,2027-07-15 07:40,900,1,2919340,
2026-09-25,RT-SCL-OPO-20270714-20270730,RT,SCL,OPO,OPO,2027-07-14,2027-07-30,mejor,1,madrid,MAD,Iberia,IB 114 · IB 549,2027-07-14 23:20,2027-07-15 20:00,940,1,2919340,
2026-09-25,RT-SCL-OPO-20270714-20270730,RT,SCL,OPO,OPO,2027-07-14,2027-07-30,mejor,2,madrid,MAD,LATAM / Iberia,LA 706 · IB 1151,2027-07-14 18:00,2027-07-15 16:00,1020,1,3155225,
2026-09-25,RT-SCL-OPO-20270714-20270730,RT,SCL,OPO,OPO,2027-07-14,2027-07-30,otro,0,madrid,MAD,LATAM / Air Europa,LA 706 · UX 1141,2027-07-14 18:00,2027-07-15 19:20,1220,1,3279093,
2026-09-25,RT-SCL-OPO-20270714-20270730,RT,SCL,OPO,OPO,2027-07-14,2027-07-30,otro,1,madrid,MAD,LATAM / Air Europa,LA 708 · UX 1143,2027-07-14 15:05,2027-07-15 15:15,1150,1,3765534,
2026-09-25,RT-SCL-OPO-20270714-20270730,RT,SCL,OPO,OPO,2027-07-14,2027-07-30,otro,2,brasil,GRU-IST,Turkish Airlines,TK 216 · TK 216 · TK 1451,2027-07-14 10:15,2027-07-15 15:40,1465,2,4246877,
2026-09-25,RT-SCL-OPO-20270714-20270730,RT,SCL,OPO,OPO,2027-07-14,2027-07-30,otro,3,otra,BOG-YYZ-YUL,Avianca / Air Canada,AV 240 · AC 95 · AC 424 · AC 928,2027-07-14 00:30,2027-07-15 10:00,1710,3,5252743,
2026-09-25,RT-SCL-OPO-20270714-20270730,RT,SCL,OPO,OPO,2027-07-14,2027-07-30,otro,4,madrid,MAD,LATAM / Iberia,LA 708 · IB 1149,2027-07-14 15:05,2027-07-15 11:45,940,1,5675076,
2026-09-25,RT-SCL-OPO-20270714-20270730,RT,SCL,OPO,OPO,2027-07-14,2027-07-30,otro,5,paris,CDG,Air France,AF 407 · AF 1528,2027-07-14 10:10,2027-07-15 15:25,1455,1,5845596,
2026-09-25,RT-SCL-OPO-20270714-20270730,RT,SCL,OPO,OPO,2027-07-14,2027-07-30,otro,6,otra,EZE-AMS,KLM,KL 702 · KL 702 · KL 1573,2027-07-14 10:15,2027-07-15 15:30,1455,2,6376563,
2026-09-25,RT-SCL-LIS-20270714-20270730,RT,SCL,LIS,LIS,2027-07-14,2027-07-30,mejor,0,madrid,MAD,Iberia,IB 118 · IB 529,2027-07-14 11:40,2027-07-15 07:45,905,1,3184280,
2026-09-25,RT-SCL-LIS-20270714-20270730,RT,SCL,LIS,LIS,2027-07-14,2027-07-30,mejor,1,madrid,MAD,Iberia,IB 114 · IB 537,2027-07-14 23:20,2027-07-15 20:05,945,1,3184280,
2026-09-25,RT-SCL-LIS-20270714-20270730,RT,SCL,LIS,LIS,2027-07-14,2027-07-30,mejor,2,madrid,MAD,LATAM / Iberia,LA 706 · IB 533,2027-07-14 18:00,2027-07-15 16:05,1025,1,3420165,
2026-09-25,RT-SCL-LIS-20270714-20270730,RT,SCL,LIS,LIS,2027-07-14,2027-07-30,mejor,3,brasil,GIG-GRU,LATAM,LA 778 · LA 3429 · LA 8146,2027-07-14 07:15,2027-07-15 07:10,1135,2,3659436,
2026-09-25,RT-SCL-LIS-20270714-20270730,RT,SCL,LIS,LIS,2027-07-14,2027-07-30,mejor,4,brasil,GRU,LATAM,LA 750 · LA 8146,2027-07-14 11:30,2027-07-15 07:10,880,1,3787413,
2026-09-25,RT-SCL-LIS-20270714-20270730,RT,SCL,LIS,LIS,2027-07-14,2027-07-30,otro,0,madrid,MAD,Iberia,IB 118 · IB 537,2027-07-14 11:40,2027-07-15 20:05,1645,1,3142541,
2026-09-25,RT-SCL-LIS-20270714-20270730,RT,SCL,LIS,LIS,2027-07-14,2027-07-30,otro,1,madrid,MAD,Iberia,IB 114 · IB 1139,2027-07-14 23:20,2027-07-16 07:45,1645,1,3142541,
2026-09-25,RT-SCL-LIS-20270714-20270730,RT,SCL,LIS,LIS,2027-07-14,2027-07-30,otro,2,brasil,GRU,LATAM,LA 762 · LA 8146,2027-07-14 07:35,2027-07-15 07:10,1115,1,3687138,
2026-09-25,RT-SCL-LIS-20270714-20270730,RT,SCL,LIS,LIS,2027-07-14,2027-07-30,otro,3,madrid,MAD,LATAM / Air Europa,LA 708 · UX 1155,2027-07-14 15:05,2027-07-15 15:15,1150,1,3704844,
2026-09-25,RT-SCL-LIS-20270714-20270730,RT,SCL,LIS,LIS,2027-07-14,2027-07-30,otro,4,brasil,GRU-IST,Turkish Airlines,TK 216 · TK 216 · TK 1759,2027-07-14 10:15,2027-07-15 15:35,1460,2,4278515,
2026-09-25,RT-SCL-LIS-20270714-20270730,RT,SCL,LIS,LIS,2027-07-14,2027-07-30,otro,5,otra,EZE-LHR,British Airways,BA 244 · BA 244 · BA 502,2027-07-14 10:10,2027-07-15 14:10,1380,2,4978144,
2026-09-25,RT-SCL-LIS-20270714-20270730,RT,SCL,LIS,LIS,2027-07-14,2027-07-30,otro,6,paris,CDG,Air France,AF 407 · AF 1024,2027-07-14 10:10,2027-07-15 11:15,1205,1,6398737,
2026-09-26,RT-SCL-OPO-20270712-20270731,RT,SCL,OPO,OPO,2027-07-12,2027-07-31,mejor,0,madrid,MAD,Iberia,IB 118 · IB 543,2027-07-12 11:40,2027-07-13 07:40,900,1,3034132,
2026-09-26,RT-SCL-OPO-20270712-20270731,RT,SCL,OPO,OPO,2027-07-12,2027-07-31,mejor,1,madrid,MAD,LATAM / Air Europa,LA 706 · UX 1147,2027-07-12 18:00,2027-07-14 06:45,1905,1,3225978,
2026-09-26,RT-SCL-OPO-20270712-20270731,RT,SCL,OPO,OPO,2027-07-12,2027-07-31,mejor,2,madrid,MAD,LATAM / Iberia,LA 706 · IB 1151,2027-07-12 18:00,2027-07-13 16:00,1020,1,3273204,
2026-09-26,RT-SCL-OPO-20270712-20270731,RT,SCL,OPO,OPO,2027-07-12,2027-07-31,otro,0,madrid,MAD,LATAM / Iberia,LA 706 · IB 543,2027-07-12 18:00,2027-07-14 07:40,1960,1,3231183,
2026-09-26,RT-SCL-OPO-20270712-20270731,RT,SCL,OPO,OPO,2027-07-12,2027-07-31,otro,1,lima,LIM-YUL,LATAM / Air Canada,LA 2444 · AC 89 · AC 928,2027-07-12 21:55,2027-07-14 10:00,1865,2,3893115,
2026-09-26,RT-SCL-OPO-20270712-20270731,RT,SCL,OPO,OPO,2027-07-12,2027-07-31,otro,2,otra,BOG-YUL,LATAM / Air Canada,LA 572 · AC 99 · AC 928,2027-07-12 23:05,2027-07-14 10:00,1795,2,3960595,
2026-09-26,RT-SCL-OPO-20270712-20270731,RT,SCL,OPO,OPO,2027-07-12,2027-07-31,otro,3,brasil,GRU-IST,Turkish Airlines,TK 216 · TK 216 · TK 1451,2027-07-12 10:15,2027-07-13 15:40,1465,2,4283624,
2026-09-26,RT-SCL-OPO-20270712-20270731,RT,SCL,OPO,OPO,2027-07-12,2027-07-31,otro,4,otra,EZE-AMS,KLM,KL 702 · KL 702 · KL 1573,2027-07-12 10:15,2027-07-13 15:30,1455,2,6193113,
2026-09-26,RT-SCL-OPO-20270712-20270731,RT,SCL,OPO,OPO,2027-07-12,2027-07-31,otro,5,paris,CDG,Air France,AF 407 · AF 1528,2027-07-12 10:10,2027-07-13 15:25,1455,1,6732726,
2026-09-26,RT-SCL-OPO-20270712-20270731,RT,SCL,OPO,OPO,2027-07-12,2027-07-31,otro,6,otra,MIA-PHL,American,AA 912 · AA 1284 · AA 1774,2027-07-12 20:35,2027-07-14 08:15,1840,2,7107846,
2026-09-26,RT-SCL-LIS-20270712-20270731,RT,SCL,LIS,LIS,2027-07-12,2027-07-31,mejor,0,madrid,MAD,Iberia,IB 118 · IB 529,2027-07-12 11:40,2027-07-13 07:45,905,1,3003420,
2026-09-26,RT-SCL-LIS-20270712-20270731,RT,SCL,LIS,LIS,2027-07-12,2027-07-31,mejor,1,otra,ASU-GRU,LATAM,LA 1304 · LA 8015 · LA 8146,2027-07-12 08:30,2027-07-13 07:10,1060,2,3637020,
2026-09-26,RT-SCL-LIS-20270712-20270731,RT,SCL,LIS,LIS,2027-07-12,2027-07-31,mejor,2,brasil,GRU,LATAM,LA 8155 · LA 8148,2027-07-12 15:50,2027-07-13 12:20,930,1,3637020,
2026-09-26,RT-SCL-LIS-20270712-20270731,RT,SCL,LIS,LIS,2027-07-12,2027-07-31,otro,0,madrid,MAD,Iberia,IB 118 · IB 539,2027-07-12 11:40,2027-07-13 23:25,1845,1,2961399,
2026-09-26,RT-SCL-LIS-20270712-20270731,RT,SCL,LIS,LIS,2027-07-12,2027-07-31,otro,1,madrid,MAD,LATAM / Iberia,LA 706 · IB 539,2027-07-12 18:00,2027-07-13 23:25,1465,1,3176681,
2026-09-26,RT-SCL-LIS-20270712-20270731,RT,SCL,LIS,LIS,2027-07-12,2027-07-31,otro,2,madrid,MAD,LATAM / Iberia,LA 706 · IB 533,2027-07-12 18:00,2027-07-13 16:05,1025,1,3467104,
2026-09-26,RT-SCL-LIS-20270712-20270731,RT,SCL,LIS,LIS,2027-07-12,2027-07-31,otro,3,brasil,GRU,LATAM,LA 762 · LA 8146,2027-07-12 07:35,2027-07-13 07:10,1115,1,3637020,
2026-09-26,RT-SCL-LIS-20270712-20270731,RT,SCL,LIS,LIS,2027-07-12,2027-07-31,otro,4,brasil,GRU,LATAM,LA 750 · LA 8146,2027-07-12 11:30,2027-07-13 07:10,880,1,3943572,
2026-09-26,RT-SCL-LIS-20270712-20270731,RT,SCL,LIS,LIS,2027-07-12,2027-07-31,otro,5,brasil,GRU-IST,Turkish Airlines,TK 216 · TK 216 · TK 1759,2027-07-12 10:15,2027-07-13 15:35,1460,2,4604678,
2026-09-26,RT-SCL-LIS-20270712-20270731,RT,SCL,LIS,LIS,2027-07-12,2027-07-31,otro,6,otra,EZE-LHR,British Airways,BA 244 · BA 244 · BA 502,2027-07-12 10:10,2027-07-13 12:55,1305,2,5073337,
2026-09-26,RT-SCL-LIS-20270712-20270731,RT,SCL,LIS,LIS,2027-07-12,2027-07-31,otro,7,paris,CDG,Air France,AF 407 · AF 1024,2027-07-12 10:10,2027-07-13 11:15,1205,1,6458452,
2026-09-26,RT-CCP-OPO-20270712-20270731,RT,CCP,OPO,OPO,2027-07-12,2027-07-31,mejor,0,madrid,SCL-MAD,LATAM / Iberia,LA 14 · IB 118 · IB 1149,2027-07-12 20:51,2027-07-14 11:45,2034,2,4722459,
2026-09-26,RT-CCP-OPO-20270712-20270731,RT,CCP,OPO,OPO,2027-07-12,2027-07-31,mejor,1,madrid,SCL-MAD,LATAM / Air Europa,LA 6 · LA 706 · UX 1141,2027-07-12 14:44,2027-07-13 19:20,1416,2,5304045,
2026-09-26,RT-CCP-OPO-20270712-20270731,RT,CCP,OPO,OPO,2027-07-12,2027-07-31,mejor,2,madrid,SCL-MAD,LATAM / Iberia,LA 4 · IB 118 · IB 543,2027-07-12 07:41,2027-07-13 07:40,1139,2,5441309,
2026-09-26,RT-CCP-OPO-20270712-20270731,RT,CCP,OPO,OPO,2027-07-12,2027-07-31,mejor,3,madrid,SCL-MAD,LATAM / Iberia,LA 16 · LA 706 · IB 1151,2027-07-12 15:16,2027-07-13 16:00,1184,2,5803254,
2026-09-26,RT-CCP-OPO-20270712-20270731,RT,CCP,OPO,OPO,2027-07-12,2027-07-31,otro,0,madrid,SCL-MAD,LATAM / Air Europa,LA 212 · LA 706 · UX 1141,2027-07-12 06:31,2027-07-13 19:20,1909,2,5006316,
2026-09-26,RT-CCP-OPO-20270712-20270731,RT,CCP,OPO,OPO,2027-07-12,2027-07-31,otro,1,madrid,SCL-MAD,LATAM / Iberia,LA 16 · LA 706 · IB 543,2027-07-12 15:16,2027-07-14 07:40,2124,2,5449584,
2026-09-26,RT-CCP-OPO-20270712-20270731,RT,CCP,OPO,OPO,2027-07-12,2027-07-31,otro,2,madrid,SCL-MAD,LATAM / Iberia,LA 222 · IB 118 · IB 543,2027-07-12 18:51,2027-07-14 07:40,1909,2,5657392,
2026-09-26,RT-CCP-OPO-20270712-20270731,RT,CCP,OPO,OPO,2027-07-12,2027-07-31,otro,3,madrid,SCL-MAD,LATAM / Iberia,LA 14 · IB 118 · IB 543,2027-07-12 20:51,2027-07-14 07:40,1789,2,5735238,
2026-09-26,RT-SCL-OPO-20270714-20270731,RT,SCL,OPO,OPO,2027-07-14,2027-07-31,mejor,0,madrid,MAD,Iberia,IB 118 · IB 543,2027-07-14 11:40,2027-07-15 07:40,900,1,3034132,
2026-09-26,RT-SCL-OPO-20270714-20270731,RT,SCL,OPO,OPO,2027-07-14,2027-07-31,mejor,1,madrid,MAD,Iberia,IB 114 · IB 549,2027-07-14 23:20,2027-07-15 20:00,940,1,3034132,
2026-09-26,RT-SCL-OPO-20270714-20270731,RT,SCL,OPO,OPO,2027-07-14,2027-07-31,mejor,2,madrid,MAD,LATAM / Air Europa,LA 706 · UX 1141,2027-07-14 18:00,2027-07-15 19:20,1220,1,3202188,
2026-09-26,RT-SCL-OPO-20270714-20270731,RT,SCL,OPO,OPO,2027-07-14,2027-07-31,mejor,3,madrid,MAD,LATAM / Iberia,LA 706 · IB 1151,2027-07-14 18:00,2027-07-15 16:00,1020,1,3273204,
2026-09-26,RT-SCL-OPO-20270714-20270731,RT,SCL,OPO,OPO,2027-07-14,2027-07-31,otro,0,madrid,MAD,Iberia,IB 118 · IB 549,2027-07-14 11:40,2027-07-15 20:00,1640,1,2992111,
2026-09-26,RT-SCL-OPO-20270714-20270731,RT,SCL,OPO,OPO,2027-07-14,2027-07-31,otro,1,madrid,MAD,Iberia,IB 114 · IB 1149,2027-07-14 23:20,2027-07-16 11:45,1885,1,2992111,
2026-09-26,RT-SCL-OPO-20270714-20270731,RT,SCL,OPO,OPO,2027-07-14,2027-07-31,otro,2,madrid,MAD,LATAM / Iberia,LA 706 · IB 549,2027-07-14 18:00,2027-07-15 20:00,1260,1,3207393,
2026-09-26,RT-SCL-OPO-20270714-20270731,RT,SCL,OPO,OPO,2027-07-14,2027-07-31,otro,3,brasil,GRU-IST,Turkish Airlines,TK 216 · TK 216 · TK 1451,2027-07-14 10:15,2027-07-15 15:40,1465,2,4283624,
2026-09-26,RT-SCL-OPO-20270714-20270731,RT,SCL,OPO,OPO,2027-07-14,2027-07-31,otro,4,madrid,MAD,LATAM / Iberia,LA 708 · IB 1149,2027-07-14 15:05,2027-07-15 11:45,940,1,5799528,
2026-09-26,RT-SCL-OPO-20270714-20270731,RT,SCL,OPO,OPO,2027-07-14,2027-07-31,otro,5,otra,BOG-YYZ-YUL,Avianca / Air Canada,AV 240 · AC 95 · AC 422 · AC 928,2027-07-14 00:30,2027-07-15 10:00,1710,3,6364673,
2026-09-26,RT-SCL-OPO-20270714-20270731,RT,SCL,OPO,OPO,2027-07-14,2027-07-31,otro,6,otra,BOG-YYZ-YUL,Avianca / Air Canada,AV 240 · AC 95 · AC 424 · AC 928,2027-07-14 00:30,2027-07-15 10:00,1710,3,6364673,
2026-09-26,RT-SCL-OPO-20270714-20270731,RT,SCL,OPO,OPO,2027-07-14,2027-07-31,otro,7,otra,EZE-AMS,KLM,KL 702 · KL 702 · KL 1573,2027-07-14 10:15,2027-07-15 15:30,1455,2,6436041,
2026-09-26,RT-SCL-OPO-20270714-20270731,RT,SCL,OPO,OPO,2027-07-14,2027-07-31,otro,8,paris,CDG,Air France,AF 407 · AF 1528,2027-07-14 10:10,2027-07-15 15:25,1455,1,6436144,
2026-09-26,RT-SCL-LIS-20270714-20270731,RT,SCL,LIS,LIS,2027-07-14,2027-07-31,mejor,0,madrid,MAD,Iberia,IB 118 · IB 529,2027-07-14 11:40,2027-07-15 07:45,905,1,3167365,
2026-09-26,RT-SCL-LIS-20270714-20270731,RT,SCL,LIS,LIS,2027-07-14,2027-07-31,mejor,1,madrid,MAD,Iberia,IB 114 · IB 537,2027-07-14 23:20,2027-07-15 20:05,945,1,3167365,
2026-09-26,RT-SCL-LIS-20270714-20270731,RT,SCL,LIS,LIS,2027-07-14,2027-07-31,mejor,2,madrid,MAD,LATAM / Iberia,LA 706 · IB 533,2027-07-14 18:00,2027-07-15 16:05,1025,1,3546217,
2026-09-26,RT-SCL-LIS-20270714-20270731,RT,SCL,LIS,LIS,2027-07-14,2027-07-31,mejor,3,brasil,GRU,LATAM,LA 750 · LA 8146,2027-07-14 11:30,2027-07-15 07:10,880,1,3825000,
2026-09-26,RT-SCL-LIS-20270714-20270731,RT,SCL,LIS,LIS,2027-07-14,2027-07-31,otro,0,brasil,GRU-IST,Turkish Airlines,TK 216 · TK 216 · TK 1759,2027-07-14 10:15,2027-07-15 15:35,1460,2,4604678,
2026-09-26,RT-SCL-LIS-20270714-20270731,RT,SCL,LIS,LIS,2027-07-14,2027-07-31,otro,1,otra,BOG-YYZ,Avianca / Air Canada,AV 240 · AC 95 · AC 810,2027-07-14 00:30,2027-07-15 11:00,1770,2,6372688,
2026-09-26,RT-SCL-LIS-20270714-20270731,RT,SCL,LIS,LIS,2027-07-14,2027-07-31,otro,2,paris,CDG,Air France,AF 407 · AF 1024,2027-07-14 10:10,2027-07-15 11:15,1205,1,6458452,
2026-09-26,RT-SCL-LIS-20270714-20270731,RT,SCL,LIS,LIS,2027-07-14,2027-07-31,otro,3,otra,EZE-AMS,KLM,KL 702 · KL 702 · KL 1583,2027-07-14 10:15,2027-07-15 14:35,1400,2,6753333,
2026-09-26,RT-SCL-LIS-20270714-20270731,RT,SCL,LIS,LIS,2027-07-14,2027-07-31,otro,4,madrid,MAD,LATAM / Air Europa,LA 708 · UX 1155,2027-07-14 15:05,2027-07-15 15:15,1150,1,7036476,
2026-09-26,RT-SCL-LIS-20270714-20270731,RT,SCL,LIS,LIS,2027-07-14,2027-07-31,otro,5,brasil,GIG-GRU,LATAM,LA 778 · LA 3429 · LA 8146,2027-07-14 07:15,2027-07-15 07:10,1135,2,7118148,
2026-09-26,RT-SCL-LIS-20270714-20270731,RT,SCL,LIS,LIS,2027-07-14,2027-07-31,otro,6,madrid,MAD,LATAM / Air Europa,LA 706 · UX 1157,2027-07-14 18:00,2027-07-15 19:15,1215,1,7123236,
2026-09-26,RT-SCL-OPO-20270714-20270801,RT,SCL,OPO,OPO,2027-07-14,2027-08-01,otro,0,madrid,MAD,Iberia,IB 118 · IB 543,2027-07-14 11:40,2027-07-15 07:40,900,1,2855857,"Vuelta verificada: IB 544 · IB 113, sale 2027-08-01 08:20, llega 2027-08-01 21:40"
2026-09-27,RT-SCL-OPO-20270712-20270731,RT,SCL,OPO,OPO,2027-07-12,2027-07-31,mejor,0,madrid,MAD,Iberia,IB 118 · IB 543,2027-07-12 11:40,2027-07-13 07:40,900,1,3034132,
2026-09-27,RT-SCL-OPO-20270712-20270731,RT,SCL,OPO,OPO,2027-07-12,2027-07-31,mejor,1,madrid,MAD,LATAM / Air Europa,LA 706 · UX 1147,2027-07-12 18:00,2027-07-14 06:45,1905,1,3225978,
2026-09-27,RT-SCL-OPO-20270712-20270731,RT,SCL,OPO,OPO,2027-07-12,2027-07-31,mejor,2,madrid,MAD,LATAM / Iberia,LA 706 · IB 543,2027-07-12 18:00,2027-07-14 07:40,1960,1,3231183,
2026-09-27,RT-SCL-OPO-20270712-20270731,RT,SCL,OPO,OPO,2027-07-12,2027-07-31,mejor,3,madrid,MAD,LATAM / Iberia,LA 706 · IB 1151,2027-07-12 18:00,2027-07-13 16:00,1020,1,3273204,
2026-09-27,RT-SCL-OPO-20270712-20270731,RT,SCL,OPO,OPO,2027-07-12,2027-07-31,mejor,4,brasil,GRU-IST,Turkish Airlines,TK 216 · TK 216 · TK 1451,2027-07-12 10:15,2027-07-13 15:40,1465,2,4283624,
2026-09-27,RT-SCL-OPO-20270712-20270731,RT,SCL,OPO,OPO,2027-07-12,2027-07-31,otro,0,lima,LIM-YUL,LATAM / Air Canada,LA 2444 · AC 89 · AC 928,2027-07-12 21:55,2027-07-14 10:00,1865,2,4768427,
2026-09-27,RT-SCL-OPO-20270712-20270731,RT,SCL,OPO,OPO,2027-07-12,2027-07-31,otro,1,otra,BOG-YUL,LATAM / Air Canada,LA 572 · AC 99 · AC 928,2027-07-12 23:05,2027-07-14 10:00,1795,2,4835907,
2026-09-27,RT-SCL-OPO-20270712-20270731,RT,SCL,OPO,OPO,2027-07-12,2027-07-31,otro,2,otra,EZE-AMS,KLM,KL 702 · KL 702 · KL 1573,2027-07-12 10:15,2027-07-13 15:30,1455,2,6193113,
2026-09-27,RT-SCL-OPO-20270712-20270731,RT,SCL,OPO,OPO,2027-07-12,2027-07-31,otro,3,paris,CDG,Air France,AF 407 · AF 1528,2027-07-12 10:10,2027-07-13 15:25,1455,1,6732726,
2026-09-27,RT-SCL-OPO-20270712-20270731,RT,SCL,OPO,OPO,2027-07-12,2027-07-31,otro,4,otra,MIA-PHL,American,AA 912 · AA 1284 · AA 1774,2027-07-12 20:35,2027-07-14 08:15,1840,2,7107846,
2026-09-27,RT-SCL-LIS-20270712-20270731,RT,SCL,LIS,LIS,2027-07-12,2027-07-31,mejor,0,madrid,MAD,Iberia,IB 118 · IB 529,2027-07-12 11:40,2027-07-13 07:45,905,1,3003420,
2026-09-27,RT-SCL-LIS-20270712-20270731,RT,SCL,LIS,LIS,2027-07-12,2027-07-31,mejor,1,otra,ASU-GRU,LATAM,LA 1304 · LA 8015 · LA 8146,2027-07-12 08:30,2027-07-13 07:10,1060,2,3637020,
2026-09-27,RT-SCL-LIS-20270712-20270731,RT,SCL,LIS,LIS,2027-07-12,2027-07-31,mejor,2,brasil,GRU,LATAM,LA 8155 · LA 8148,2027-07-12 15:50,2027-07-13 12:20,930,1,3637020,
2026-09-27,RT-SCL-LIS-20270712-20270731,RT,SCL,LIS,LIS,2027-07-12,2027-07-31,otro,0,madrid,MAD,Iberia,IB 118 · IB 539,2027-07-12 11:40,2027-07-13 23:25,1845,1,2961399,
2026-09-27,RT-SCL-LIS-20270712-20270731,RT,SCL,LIS,LIS,2027-07-12,2027-07-31,otro,1,madrid,MAD,LATAM / Iberia,LA 706 · IB 539,2027-07-12 18:00,2027-07-13 23:25,1465,1,3176681,
2026-09-27,RT-SCL-LIS-20270712-20270731,RT,SCL,LIS,LIS,2027-07-12,2027-07-31,otro,2,madrid,MAD,LATAM / Iberia,LA 706 · IB 533,2027-07-12 18:00,2027-07-13 16:05,1025,1,3467104,
2026-09-27,RT-SCL-LIS-20270712-20270731,RT,SCL,LIS,LIS,2027-07-12,2027-07-31,otro,3,brasil,GRU,LATAM,LA 762 · LA 8146,2027-07-12 07:35,2027-07-13 07:10,1115,1,3637020,
2026-09-27,RT-SCL-LIS-20270712-20270731,RT,SCL,LIS,LIS,2027-07-12,2027-07-31,otro,4,brasil,GRU,LATAM,LA 750 · LA 8146,2027-07-12 11:30,2027-07-13 07:10,880,1,3943572,
2026-09-27,RT-SCL-LIS-20270712-20270731,RT,SCL,LIS,LIS,2027-07-12,2027-07-31,otro,5,brasil,GRU-IST,Turkish Airlines,TK 216 · TK 216 · TK 1759,2027-07-12 10:15,2027-07-13 15:35,1460,2,4604678,
2026-09-27,RT-SCL-LIS-20270712-20270731,RT,SCL,LIS,LIS,2027-07-12,2027-07-31,otro,6,otra,EZE-LHR,British Airways,BA 244 · BA 244 · BA 502,2027-07-12 10:10,2027-07-13 12:55,1305,2,5073337,
2026-09-27,RT-SCL-LIS-20270712-20270731,RT,SCL,LIS,LIS,2027-07-12,2027-07-31,otro,7,paris,CDG,Air France,AF 407 · AF 1024,2027-07-12 10:10,2027-07-13 11:15,1205,1,6458452,
2026-09-27,RT-CCP-OPO-20270712-20270731,RT,CCP,OPO,OPO,2027-07-12,2027-07-31,mejor,0,madrid,SCL-MAD,LATAM / Iberia,LA 14 · IB 118 · IB 1149,2027-07-12 20:51,2027-07-14 11:45,2034,2,4722459,
2026-09-27,RT-CCP-OPO-20270712-20270731,RT,CCP,OPO,OPO,2027-07-12,2027-07-31,mejor,1,madrid,SCL-MAD,LATAM / Air Europa,LA 6 · LA 706 · UX 1141,2027-07-12 14:44,2027-07-13 19:20,1416,2,5304045,
2026-09-27,RT-CCP-OPO-20270712-20270731,RT,CCP,OPO,OPO,2027-07-12,2027-07-31,mejor,2,madrid,SCL-MAD,LATAM / Iberia,LA 4 · IB 118 · IB 543,2027-07-12 07:41,2027-07-13 07:40,1139,2,5441309,
2026-09-27,RT-CCP-OPO-20270712-20270731,RT,CCP,OPO,OPO,2027-07-12,2027-07-31,mejor,3,madrid,SCL-MAD,LATAM / Iberia,LA 16 · LA 706 · IB 1151,2027-07-12 15:16,2027-07-13 16:00,1184,2,5803254,
2026-09-27,RT-CCP-OPO-20270712-20270731,RT,CCP,OPO,OPO,2027-07-12,2027-07-31,otro,0,madrid,SCL-MAD,LATAM / Air Europa,LA 212 · LA 706 · UX 1141,2027-07-12 06:31,2027-07-13 19:20,1909,2,5006316,
2026-09-27,RT-CCP-OPO-20270712-20270731,RT,CCP,OPO,OPO,2027-07-12,2027-07-31,otro,1,madrid,SCL-MAD,LATAM / Iberia,LA 16 · LA 706 · IB 543,2027-07-12 15:16,2027-07-14 07:40,2124,2,5151855,
2026-09-27,RT-CCP-OPO-20270712-20270731,RT,CCP,OPO,OPO,2027-07-12,2027-07-31,otro,2,madrid,SCL-MAD,LATAM / Iberia,LA 222 · IB 118 · IB 543,2027-07-12 18:51,2027-07-14 07:40,1909,2,5657392,
2026-09-27,RT-CCP-OPO-20270712-20270731,RT,CCP,OPO,OPO,2027-07-12,2027-07-31,otro,3,madrid,SCL-MAD,LATAM / Iberia,LA 14 · IB 118 · IB 543,2027-07-12 20:51,2027-07-14 07:40,1789,2,5766726,
2026-09-27,RT-SCL-LIS-20270714-20270801,RT,SCL,LIS,LIS,2027-07-14,2027-08-01,mejor,0,madrid,MAD,Iberia,IB 118 · IB 529,2027-07-14 11:40,2027-07-15 07:45,905,1,2825145,"Vuelta verificada: IB 540 · IB 113, sale 2027-08-01 06:35, llega 2027-08-01 21:40"
2026-09-27,OJ-SCL-OPO-LIS-20270712-20270731,OJ,SCL,OPO,LIS,2027-07-12,2027-07-31,mejor,0,madrid,MAD,Iberia,IB 118 · IB 543,2027-07-12 11:40,2027-07-13 07:40,900,1,3030412,
2026-09-27,OJ-SCL-OPO-LIS-20270712-20270731,OJ,SCL,OPO,LIS,2027-07-12,2027-07-31,mejor,1,madrid,MAD,LATAM / Iberia,LA 706 · IB 1151,2027-07-12 18:00,2027-07-13 16:00,1020,1,3268520,
2026-09-27,OJ-SCL-OPO-LIS-20270712-20270731,OJ,SCL,OPO,LIS,2027-07-12,2027-07-31,mejor,2,otra,MVD-MAD,LATAM / Iberia,LA 410 · IB 170 · IB 549,2027-07-12 15:35,2027-07-13 20:00,1405,2,3355854,
2026-09-27,OJ-SCL-OPO-LIS-20270712-20270731,OJ,SCL,OPO,LIS,2027-07-12,2027-07-31,otro,0,madrid,MAD,LATAM / Iberia,LA 706 · IB 543,2027-07-12 18:00,2027-07-14 07:40,1960,1,3226499,
2026-09-27,OJ-SCL-OPO-LIS-20270712-20270731,OJ,SCL,OPO,LIS,2027-07-12,2027-07-31,otro,1,brasil,GRU-IST,Turkish Airlines,TK 216 · TK 216 · TK 1451,2027-07-12 10:15,2027-07-13 15:40,1465,2,4604678,
2026-09-27,OJ-SCL-OPO-LIS-20270712-20270731,OJ,SCL,OPO,LIS,2027-07-12,2027-07-31,otro,2,lima,LIM-YUL,LATAM / Air Canada,LA 2444 · AC 89 · AC 928,2027-07-12 21:55,2027-07-14 10:00,1865,2,4800281,
2026-09-27,OJ-SCL-OPO-LIS-20270712-20270731,OJ,SCL,OPO,LIS,2027-07-12,2027-07-31,otro,3,madrid,MAD,LATAM / Air Europa,LA 706 · UX 1141,2027-07-12 18:00,2027-07-13 19:20,1220,1,4841163,
2026-09-27,OJ-SCL-OPO-LIS-20270712-20270731,OJ,SCL,OPO,LIS,2027-07-12,2027-07-31,otro,4,otra,BOG-YUL,LATAM / Air Canada,LA 572 · AC 99 · AC 928,2027-07-12 23:05,2027-07-14 10:00,1795,2,4867761,
2026-09-27,OJ-SCL-OPO-LIS-20270712-20270731,OJ,SCL,OPO,LIS,2027-07-12,2027-07-31,otro,5,otra,EZE-AMS,KLM,KL 702 · KL 702 · KL 1573,2027-07-12 10:15,2027-07-13 15:30,1455,2,6215421,
2026-09-27,OJ-SCL-OPO-LIS-20270712-20270731,OJ,SCL,OPO,LIS,2027-07-12,2027-07-31,otro,6,paris,CDG,Air France,AF 407 · AF 1528,2027-07-12 10:10,2027-07-13 15:25,1455,1,6755034,
2026-09-27,OJ-SCL-OPO-LIS-20270712-20270731,OJ,SCL,OPO,LIS,2027-07-12,2027-07-31,otro,7,otra,MIA-PHL,American,AA 912 · AA 1284 · AA 1774,2027-07-12 20:35,2027-07-14 08:15,1840,2,7137465,
2026-09-27,OJ-SCL-LIS-OPO-20270712-20270731,OJ,SCL,LIS,OPO,2027-07-12,2027-07-31,mejor,0,madrid,MAD,Iberia,IB 118 · IB 529,2027-07-12 11:40,2027-07-13 07:45,905,1,3008104,
2026-09-27,OJ-SCL-LIS-OPO-20270712-20270731,OJ,SCL,LIS,OPO,2027-07-12,2027-07-31,mejor,1,madrid,MAD,LATAM / Iberia,LA 706 · IB 533,2027-07-12 18:00,2027-07-13 16:05,1025,1,3471788,
2026-09-27,OJ-SCL-LIS-OPO-20270712-20270731,OJ,SCL,LIS,OPO,2027-07-12,2027-07-31,mejor,2,brasil,GRU-MAD,LATAM / Iberia,LA 762 · IB 268 · IB 529,2027-07-12 07:35,2027-07-13 07:45,1150,2,3698216,
2026-09-27,OJ-SCL-LIS-OPO-20270712-20270731,OJ,SCL,LIS,OPO,2027-07-12,2027-07-31,otro,0,madrid,MAD,LATAM / Iberia,LA 706 · IB 539,2027-07-12 18:00,2027-07-13 23:25,1465,1,3246212,
2026-09-27,OJ-SCL-LIS-OPO-20270712-20270731,OJ,SCL,LIS,OPO,2027-07-12,2027-07-31,otro,1,brasil,GRU-IST,Turkish Airlines,TK 216 · TK 216 · TK 1759,2027-07-12 10:15,2027-07-13 15:35,1460,2,4283624,
2026-09-27,OJ-SCL-LIS-OPO-20270712-20270731,OJ,SCL,LIS,OPO,2027-07-12,2027-07-31,otro,2,brasil,GRU,LATAM,LA 750 · LA 8146,2027-07-12 11:30,2027-07-13 07:10,880,1,4714329,
2026-09-27,OJ-SCL-LIS-OPO-20270712-20270731,OJ,SCL,LIS,OPO,2027-07-12,2027-07-31,otro,3,brasil,GRU,LATAM,LA 8155 · LA 8148,2027-07-12 15:50,2027-07-13 12:20,930,1,4714329,
2026-09-27,OJ-SCL-LIS-OPO-20270712-20270731,OJ,SCL,LIS,OPO,2027-07-12,2027-07-31,otro,4,brasil,GRU,LATAM,LA 734 · LA 8146,2027-07-12 20:35,2027-07-14 07:10,1775,1,4810206,
2026-09-27,OJ-SCL-LIS-OPO-20270712-20270731,OJ,SCL,LIS,OPO,2027-07-12,2027-07-31,otro,5,madrid,MAD,LATAM / Air Europa,LA 706 · UX 1157,2027-07-12 18:00,2027-07-13 19:15,1215,1,4818855,
2026-09-27,OJ-SCL-LIS-OPO-20270712-20270731,OJ,SCL,LIS,OPO,2027-07-12,2027-07-31,otro,6,otra,BOG-YYZ,Avianca / Air Canada,AV 240 · AC 95 · AC 810,2027-07-12 00:30,2027-07-13 11:00,1770,2,4938689,
2026-09-27,OJ-SCL-LIS-OPO-20270712-20270731,OJ,SCL,LIS,OPO,2027-07-12,2027-07-31,otro,7,otra,AEP-GRU,LATAM,LA 455 · LA 8035 · LA 8148,2027-07-12 12:28,2027-07-13 12:20,1132,2,4967964,
2026-09-27,OJ-SCL-LIS-OPO-20270712-20270731,OJ,SCL,LIS,OPO,2027-07-12,2027-07-31,otro,8,brasil,GRU,LATAM,LA 714 · LA 8148,2027-07-12 15:55,2027-07-13 12:20,925,1,5998377,
2026-09-27,OJ-SCL-LIS-OPO-20270712-20270731,OJ,SCL,LIS,OPO,2027-07-12,2027-07-31,otro,9,otra,EZE-AMS,KLM,KL 702 · KL 702 · KL 1583,2027-07-12 10:15,2027-07-13 14:35,1400,2,6436041,
2026-09-27,OJ-SCL-LIS-OPO-20270712-20270731,OJ,SCL,LIS,OPO,2027-07-12,2027-07-31,otro,10,paris,CDG,Air France,AF 407 · AF 1024,2027-07-12 10:10,2027-07-13 11:15,1205,1,6436144,
2026-09-28,RT-SCL-OPO-20270712-20270731,RT,SCL,OPO,OPO,2027-07-12,2027-07-31,mejor,0,madrid,MAD,Iberia,IB 118 · IB 543,2027-07-12 11:40,2027-07-13 07:40,900,1,3034132,
2026-09-28,RT-SCL-OPO-20270712-20270731,RT,SCL,OPO,OPO,2027-07-12,2027-07-31,mejor,1,madrid,MAD,LATAM / Air Europa,LA 706 · UX 1147,2027-07-12 18:00,2027-07-14 06:45,1905,1,3225978,
2026-09-28,RT-SCL-OPO-20270712-20270731,RT,SCL,OPO,OPO,2027-07-12,2027-07-31,mejor,2,madrid,MAD,LATAM / Iberia,LA 706 · IB 543,2027-07-12 18:00,2027-07-14 07:40,1960,1,3231183,
2026-09-28,RT-SCL-OPO-20270712-20270731,RT,SCL,OPO,OPO,2027-07-12,2027-07-31,mejor,3,madrid,MAD,LATAM / Iberia,LA 706 · IB 1151,2027-07-12 18:00,2027-07-13 16:00,1020,1,3273204,
2026-09-28,RT-SCL-OPO-20270712-20270731,RT,SCL,OPO,OPO,2027-07-12,2027-07-31,mejor,4,brasil,GRU-IST,Turkish Airlines,TK 216 · TK 216 · TK 1451,2027-07-12 10:15,2027-07-13 15:40,1465,2,4283624,
2026-09-28,RT-SCL-OPO-20270712-20270731,RT,SCL,OPO,OPO,2027-07-12,2027-07-31,otro,0,lima,LIM-YUL,LATAM / Air Canada,LA 2444 · AC 89 · AC 928,2027-07-12 21:55,2027-07-14 10:00,1865,2,4768427,
2026-09-28,RT-SCL-OPO-20270712-20270731,RT,SCL,OPO,OPO,2027-07-12,2027-07-31,otro,1,otra,BOG-YUL,LATAM / Air Canada,LA 572 · AC 99 · AC 928,2027-07-12 23:05,2027-07-14 10:00,1795,2,4835907,
2026-09-28,RT-SCL-OPO-20270712-20270731,RT,SCL,OPO,OPO,2027-07-12,2027-07-31,otro,2,otra,EZE-AMS,KLM,KL 702 · KL 702 · KL 1573,2027-07-12 10:15,2027-07-13 15:30,1455,2,6193113,
2026-09-28,RT-SCL-OPO-20270712-20270731,RT,SCL,OPO,OPO,2027-07-12,2027-07-31,otro,3,paris,CDG,Air France,AF 407 · AF 1528,2027-07-12 10:10,2027-07-13 15:25,1455,1,6732726,
2026-09-28,RT-SCL-OPO-20270712-20270731,RT,SCL,OPO,OPO,2027-07-12,2027-07-31,otro,4,otra,MIA-PHL,American,AA 912 · AA 1284 · AA 1774,2027-07-12 20:35,2027-07-14 08:15,1840,2,7107846,
2026-09-28,RT-SCL-LIS-20270712-20270731,RT,SCL,LIS,LIS,2027-07-12,2027-07-31,mejor,0,madrid,MAD,Iberia,IB 118 · IB 529,2027-07-12 11:40,2027-07-13 07:45,905,1,3003420,
2026-09-28,RT-SCL-LIS-20270712-20270731,RT,SCL,LIS,LIS,2027-07-12,2027-07-31,mejor,1,otra,ASU-GRU,LATAM,LA 1304 · LA 8015 · LA 8146,2027-07-12 08:30,2027-07-13 07:10,1060,2,3637020,
2026-09-28,RT-SCL-LIS-20270712-20270731,RT,SCL,LIS,LIS,2027-07-12,2027-07-31,mejor,2,brasil,GRU,LATAM,LA 8155 · LA 8148,2027-07-12 15:50,2027-07-13 12:20,930,1,3637020,
2026-09-28,RT-SCL-LIS-20270712-20270731,RT,SCL,LIS,LIS,2027-07-12,2027-07-31,otro,0,madrid,MAD,Iberia,IB 118 · IB 539,2027-07-12 11:40,2027-07-13 23:25,1845,1,2961399,
2026-09-28,RT-SCL-LIS-20270712-20270731,RT,SCL,LIS,LIS,2027-07-12,2027-07-31,otro,1,madrid,MAD,LATAM / Iberia,LA 706 · IB 539,2027-07-12 18:00,2027-07-13 23:25,1465,1,3176681,
2026-09-28,RT-SCL-LIS-20270712-20270731,RT,SCL,LIS,LIS,2027-07-12,2027-07-31,otro,2,madrid,MAD,LATAM / Iberia,LA 706 · IB 533,2027-07-12 18:00,2027-07-13 16:05,1025,1,3467104,
2026-09-28,RT-SCL-LIS-20270712-20270731,RT,SCL,LIS,LIS,2027-07-12,2027-07-31,otro,3,brasil,GRU,LATAM,LA 762 · LA 8146,2027-07-12 07:35,2027-07-13 07:10,1115,1,3637020,
2026-09-28,RT-SCL-LIS-20270712-20270731,RT,SCL,LIS,LIS,2027-07-12,2027-07-31,otro,4,brasil,GRU,LATAM,LA 750 · LA 8146,2027-07-12 11:30,2027-07-13 07:10,880,1,3943572,
2026-09-28,RT-SCL-LIS-20270712-20270731,RT,SCL,LIS,LIS,2027-07-12,2027-07-31,otro,5,brasil,GRU-IST,Turkish Airlines,TK 216 · TK 216 · TK 1759,2027-07-12 10:15,2027-07-13 15:35,1460,2,4604678,
2026-09-28,RT-SCL-LIS-20270712-20270731,RT,SCL,LIS,LIS,2027-07-12,2027-07-31,otro,6,otra,EZE-LHR,British Airways,BA 244 · BA 244 · BA 502,2027-07-12 10:10,2027-07-13 12:55,1305,2,6189320,
2026-09-28,RT-SCL-LIS-20270712-20270731,RT,SCL,LIS,LIS,2027-07-12,2027-07-31,otro,7,paris,CDG,Air France,AF 407 · AF 1024,2027-07-12 10:10,2027-07-13 11:15,1205,1,6458452,
2026-09-28,RT-CCP-OPO-20270712-20270731,RT,CCP,OPO,OPO,2027-07-12,2027-07-31,mejor,0,madrid,SCL-MAD,LATAM / Iberia,LA 14 · IB 118 · IB 1149,2027-07-12 20:51,2027-07-14 11:45,2034,2,4722459,
2026-09-28,RT-CCP-OPO-20270712-20270731,RT,CCP,OPO,OPO,2027-07-12,2027-07-31,mejor,1,madrid,SCL-MAD,LATAM / Air Europa,LA 6 · LA 706 · UX 1141,2027-07-12 14:44,2027-07-13 19:20,1416,2,5304045,
2026-09-28,RT-CCP-OPO-20270712-20270731,RT,CCP,OPO,OPO,2027-07-12,2027-07-31,mejor,2,madrid,SCL-MAD,LATAM / Iberia,LA 4 · IB 118 · IB 543,2027-07-12 07:41,2027-07-13 07:40,1139,2,5441309,
2026-09-28,RT-CCP-OPO-20270712-20270731,RT,CCP,OPO,OPO,2027-07-12,2027-07-31,mejor,3,madrid,SCL-MAD,LATAM / Iberia,LA 16 · LA 706 · IB 1151,2027-07-12 15:16,2027-07-13 16:00,1184,2,5893044,
2026-09-28,RT-CCP-OPO-20270712-20270731,RT,CCP,OPO,OPO,2027-07-12,2027-07-31,otro,0,madrid,SCL-MAD,LATAM / Air Europa,LA 212 · LA 706 · UX 1141,2027-07-12 06:31,2027-07-13 19:20,1909,2,5006316,
2026-09-28,RT-CCP-OPO-20270712-20270731,RT,CCP,OPO,OPO,2027-07-12,2027-07-31,otro,1,madrid,SCL-MAD,LATAM / Air Europa,LA 16 · LA 706 · UX 1147,2027-07-12 15:16,2027-07-14 06:45,2069,2,5327835,
2026-09-28,RT-CCP-OPO-20270712-20270731,RT,CCP,OPO,OPO,2027-07-12,2027-07-31,otro,2,madrid,SCL-MAD,LATAM / Iberia,LA 222 · IB 118 · IB 543,2027-07-12 18:51,2027-07-14 07:40,1909,2,5657392,
2026-09-28,RT-CCP-OPO-20270712-20270731,RT,CCP,OPO,OPO,2027-07-12,2027-07-31,otro,3,madrid,SCL-MAD,LATAM / Iberia,LA 16 · LA 706 · IB 549,2027-07-12 15:16,2027-07-13 20:00,1424,2,5810715,
2026-09-28,RT-SCL-OPO-20270710-20270729,RT,SCL,OPO,OPO,2027-07-10,2027-07-29,mejor,0,madrid,MAD,Iberia,IB 114 · IB 1153,2027-07-10 23:20,2027-07-11 20:00,940,1,2855857,
2026-09-28,RT-SCL-OPO-20270710-20270729,RT,SCL,OPO,OPO,2027-07-10,2027-07-29,mejor,1,madrid,MAD,Iberia,IB 118 · IB 543,2027-07-10 11:40,2027-07-11 07:40,900,1,3028413,
2026-09-28,RT-SCL-OPO-20270710-20270729,RT,SCL,OPO,OPO,2027-07-10,2027-07-29,mejor,2,otra,BCN,Iberia / Vueling,IB 2606 · VY 1212,2027-07-10 10:10,2027-07-11 08:00,1010,1,3137365,
2026-09-28,RT-SCL-OPO-20270710-20270729,RT,SCL,OPO,OPO,2027-07-10,2027-07-29,otro,0,madrid,MAD,LATAM / Iberia,LA 706 · IB 1153,2027-07-10 18:00,2027-07-11 20:00,1260,1,3094929,
2026-09-28,RT-SCL-OPO-20270710-20270729,RT,SCL,OPO,OPO,2027-07-10,2027-07-29,otro,1,madrid,MAD,LATAM / Air Europa,LA 706 · UX 1141,2027-07-10 18:00,2027-07-11 19:20,1220,1,3399168,
2026-09-28,RT-SCL-OPO-20270710-20270729,RT,SCL,OPO,OPO,2027-07-10,2027-07-29,otro,2,otra,MVD-MAD,LATAM / Iberia,LA 410 · IB 170 · IB 1151,2027-07-10 15:35,2027-07-11 16:00,1165,2,3574870,
2026-09-28,RT-SCL-OPO-20270710-20270729,RT,SCL,OPO,OPO,2027-07-10,2027-07-29,otro,3,madrid,MAD,LATAM / Iberia,LA 706 · IB 1151,2027-07-10 18:00,2027-07-11 16:00,1020,1,3579821,
2026-09-28,RT-SCL-OPO-20270710-20270729,RT,SCL,OPO,OPO,2027-07-10,2027-07-29,otro,4,brasil,GRU-IST,Turkish Airlines,TK 216 · TK 216 · TK 1451,2027-07-10 10:15,2027-07-11 15:40,1465,2,4440756,
2026-09-28,RT-SCL-OPO-20270710-20270729,RT,SCL,OPO,OPO,2027-07-10,2027-07-29,otro,5,otra,BOG-YUL,Avianca / Air Canada,AV 240 · AC 99 · AC 928,2027-07-10 00:30,2027-07-11 10:00,1710,2,5159126,
2026-09-28,RT-SCL-OPO-20270710-20270729,RT,SCL,OPO,OPO,2027-07-10,2027-07-29,otro,6,otra,EZE-AMS,KLM,KL 702 · KL 702 · KL 1573,2027-07-10 10:15,2027-07-11 15:30,1455,2,5899093,
2026-09-28,RT-SCL-OPO-20270710-20270729,RT,SCL,OPO,OPO,2027-07-10,2027-07-29,otro,7,paris,CDG,Air France,AF 407 · AF 1528,2027-07-10 10:10,2027-07-11 15:25,1455,1,6575924,
2026-09-28,RT-SCL-LIS-20270710-20270729,RT,SCL,LIS,LIS,2027-07-10,2027-07-29,mejor,0,madrid,MAD,Iberia,IB 114 · IB 539,2027-07-10 23:20,2027-07-11 23:25,1145,1,2825145,
2026-09-28,RT-SCL-LIS-20270710-20270729,RT,SCL,LIS,LIS,2027-07-10,2027-07-29,mejor,1,madrid,MAD,Iberia,IB 114 · IB 1145,2027-07-10 23:20,2027-07-11 20:05,945,1,2905157,
2026-09-28,RT-SCL-LIS-20270710-20270729,RT,SCL,LIS,LIS,2027-07-10,2027-07-29,mejor,2,madrid,MAD,LATAM / Iberia,LA 706 · IB 535,2027-07-10 18:00,2027-07-11 18:25,1165,1,3064217,
2026-09-28,RT-SCL-LIS-20270710-20270729,RT,SCL,LIS,LIS,2027-07-10,2027-07-29,mejor,3,otra,BCN,Iberia / Vueling,IB 2606 · VY 1186,2027-07-10 10:10,2027-07-11 08:30,1040,1,3106653,
2026-09-28,RT-SCL-LIS-20270710-20270729,RT,SCL,LIS,LIS,2027-07-10,2027-07-29,otro,0,otra,BCN,Iberia / Vueling,IB 2606 · VY 1188,2027-07-10 10:10,2027-07-11 13:20,1330,1,2903249,
2026-09-28,RT-SCL-LIS-20270710-20270729,RT,SCL,LIS,LIS,2027-07-10,2027-07-29,otro,1,madrid,MAD,Iberia,IB 118 · IB 535,2027-07-10 11:40,2027-07-11 18:25,1545,1,3108561,
2026-09-28,RT-SCL-LIS-20270710-20270729,RT,SCL,LIS,LIS,2027-07-10,2027-07-29,otro,2,madrid,MAD,Iberia,IB 118 · IB 533,2027-07-10 11:40,2027-07-11 16:05,1405,1,3223277,
2026-09-28,RT-SCL-LIS-20270710-20270729,RT,SCL,LIS,LIS,2027-07-10,2027-07-29,otro,3,madrid,MAD,LATAM / Iberia,LA 706 · IB 533,2027-07-10 18:00,2027-07-11 16:05,1025,1,3288829,
2026-09-28,RT-SCL-LIS-20270710-20270729,RT,SCL,LIS,LIS,2027-07-10,2027-07-29,otro,4,brasil,GIG-GRU,LATAM,LA 776 · LA 3429 · LA 8146,2027-07-10 05:25,2027-07-11 07:10,1245,2,3607260,
2026-09-28,RT-SCL-LIS-20270710-20270729,RT,SCL,LIS,LIS,2027-07-10,2027-07-29,otro,5,otra,COR-GRU,LATAM,LA 492 · LA 8282 · LA 8148,2027-07-10 10:00,2027-07-11 12:20,1280,2,3638835,
2026-09-28,RT-SCL-LIS-20270710-20270729,RT,SCL,LIS,LIS,2027-07-10,2027-07-29,otro,6,brasil,GRU,LATAM,LA 714 · LA 8148,2027-07-10 15:55,2027-07-11 12:20,925,1,4109799,
2026-09-28,RT-SCL-LIS-20270710-20270729,RT,SCL,LIS,LIS,2027-07-10,2027-07-29,otro,7,brasil,GRU,LATAM,LA 750 · LA 8146,2027-07-10 11:30,2027-07-11 07:10,880,1,4229880,
2026-09-28,RT-SCL-LIS-20270710-20270729,RT,SCL,LIS,LIS,2027-07-10,2027-07-29,otro,8,brasil,GRU-IST,Turkish Airlines,TK 216 · TK 216 · TK 1759,2027-07-10 10:15,2027-07-11 15:50,1475,2,4472610,
2026-09-28,RT-SCL-LIS-20270710-20270729,RT,SCL,LIS,LIS,2027-07-10,2027-07-29,otro,9,otra,EZE-LHR,British Airways,BA 244 · BA 244 · BA 504,2027-07-10 10:10,2027-07-11 16:20,1510,2,4823786,
2026-09-28,RT-SCL-LIS-20270710-20270729,RT,SCL,LIS,LIS,2027-07-10,2027-07-29,otro,10,otra,EZE-AMS,KLM,KL 702 · KL 702 · KL 1583,2027-07-10 10:15,2027-07-11 14:35,1400,2,6597165,
2026-09-28,RT-SCL-LIS-20270710-20270729,RT,SCL,LIS,LIS,2027-07-10,2027-07-29,otro,11,paris,CDG,Air France,AF 407 · AF 1024,2027-07-10 10:10,2027-07-11 11:15,1205,1,6755364,
2026-09-28,RT-SCL-OPO-20270710-20270730,RT,SCL,OPO,OPO,2027-07-10,2027-07-30,mejor,0,madrid,MAD,Iberia,IB 114 · IB 1153,2027-07-10 23:20,2027-07-11 20:00,940,1,2946484,
2026-09-28,RT-SCL-OPO-20270710-20270730,RT,SCL,OPO,OPO,2027-07-10,2027-07-30,mejor,1,madrid,MAD,Iberia,IB 118 · IB 543,2027-07-10 11:40,2027-07-11 07:40,900,1,3118076,
2026-09-28,RT-SCL-OPO-20270710-20270730,RT,SCL,OPO,OPO,2027-07-10,2027-07-30,mejor,2,otra,BCN,Iberia / Vueling,IB 2606 · VY 1212,2027-07-10 10:10,2027-07-11 08:00,1010,1,3226064,
2026-09-28,RT-SCL-OPO-20270710-20270730,RT,SCL,OPO,OPO,2027-07-10,2027-07-30,otro,0,madrid,MAD,LATAM / Iberia,LA 706 · IB 1153,2027-07-10 18:00,2027-07-11 20:00,1260,1,3184592,
2026-09-28,RT-SCL-OPO-20270710-20270730,RT,SCL,OPO,OPO,2027-07-10,2027-07-30,otro,1,madrid,MAD,LATAM / Air Europa,LA 706 · UX 1147,2027-07-10 18:00,2027-07-12 06:45,1905,1,3332982,
2026-09-28,RT-SCL-OPO-20270710-20270730,RT,SCL,OPO,OPO,2027-07-10,2027-07-30,otro,2,otra,MVD-MAD,LATAM / Iberia,LA 410 · IB 170 · IB 1151,2027-07-10 15:35,2027-07-11 16:00,1165,2,3593560,
2026-09-28,RT-SCL-OPO-20270710-20270730,RT,SCL,OPO,OPO,2027-07-10,2027-07-30,otro,3,madrid,MAD,LATAM / Iberia,LA 706 · IB 1151,2027-07-10 18:00,2027-07-11 16:00,1020,1,3669484,
2026-09-28,RT-SCL-OPO-20270710-20270730,RT,SCL,OPO,OPO,2027-07-10,2027-07-30,otro,4,brasil,GRU-IST,Turkish Airlines,TK 216 · TK 216 · TK 1451,2027-07-10 10:15,2027-07-11 15:40,1465,2,4286516,
2026-09-28,RT-SCL-OPO-20270710-20270730,RT,SCL,OPO,OPO,2027-07-10,2027-07-30,otro,5,madrid,MAD,LATAM / Air Europa,LA 706 · UX 1141,2027-07-10 18:00,2027-07-11 19:20,1220,1,4827963,
2026-09-28,RT-SCL-OPO-20270710-20270730,RT,SCL,OPO,OPO,2027-07-10,2027-07-30,otro,6,otra,BOG-YUL,Avianca / Air Canada,AV 240 · AC 99 · AC 928,2027-07-10 00:30,2027-07-11 10:00,1710,2,4867882,
2026-09-28,RT-SCL-OPO-20270710-20270730,RT,SCL,OPO,OPO,2027-07-10,2027-07-30,otro,7,otra,EZE-AMS,KLM,KL 702 · KL 702 · KL 1573,2027-07-10 10:15,2027-07-11 15:30,1455,2,6436041,
2026-09-28,RT-SCL-OPO-20270710-20270730,RT,SCL,OPO,OPO,2027-07-10,2027-07-30,otro,8,paris,CDG,Air France,AF 407 · AF 1528,2027-07-10 10:10,2027-07-11 15:25,1455,1,6575924,
2026-09-29,RT-SCL-OPO-20270712-20270731,RT,SCL,OPO,OPO,2027-07-12,2027-07-31,mejor,0,madrid,MAD,Iberia,IB 118 · IB 543,2027-07-12 11:40,2027-07-13 07:40,900,1,3191602,
2026-09-29,RT-SCL-OPO-20270712-20270731,RT,SCL,OPO,OPO,2027-07-12,2027-07-31,mejor,1,madrid,MAD,LATAM / Iberia,LA 706 · IB 1151,2027-07-12 18:00,2027-07-13 16:00,1020,1,3430178,
2026-09-29,RT-SCL-OPO-20270712-20270731,RT,SCL,OPO,OPO,2027-07-12,2027-07-31,otro,0,paris,CDG,Air France,AF 407 · AF 1528,2027-07-12 10:10,2027-07-13 15:25,1455,1,6719304,
2026-09-29,RT-SCL-OPO-20270712-20270731,RT,SCL,OPO,OPO,2027-07-12,2027-07-31,otro,1,otra,MIA-PHL,American,AA 912 · AA 1284 · AA 1774,2027-07-12 20:35,2027-07-14 08:15,1840,2,7093215,
2026-09-29,RT-SCL-OPO-20270712-20270731,RT,SCL,OPO,OPO,2027-07-12,2027-07-31,otro,2,otra,MIA-PHL,American,AA 912 · AA 2764 · AA 1774,2027-07-12 20:35,2027-07-14 08:15,1840,2,7093215,
2026-09-29,RT-SCL-OPO-20270712-20270731,RT,SCL,OPO,OPO,2027-07-12,2027-07-31,otro,3,otra,MIA-PHL,American,AA 912 · AA 2124 · AA 1774,2027-07-12 20:35,2027-07-14 08:15,1840,2,7093215,
2026-09-29,RT-SCL-LIS-20270712-20270731,RT,SCL,LIS,LIS,2027-07-12,2027-07-31,mejor,0,madrid,MAD,Iberia,IB 118 · IB 529,2027-07-12 11:40,2027-07-13 07:45,905,1,2997489,
2026-09-29,RT-SCL-LIS-20270712-20270731,RT,SCL,LIS,LIS,2027-07-12,2027-07-31,mejor,1,otra,ASU-GRU,LATAM,LA 1304 · LA 8015 · LA 8146,2027-07-12 08:30,2027-07-13 07:10,1060,2,3629619,
2026-09-29,RT-SCL-LIS-20270712-20270731,RT,SCL,LIS,LIS,2027-07-12,2027-07-31,mejor,2,brasil,GRU,LATAM,LA 8155 · LA 8148,2027-07-12 15:50,2027-07-13 12:20,930,1,3629619,
2026-09-29,RT-SCL-LIS-20270712-20270731,RT,SCL,LIS,LIS,2027-07-12,2027-07-31,otro,0,madrid,MAD,Iberia,IB 118 · IB 539,2027-07-12 11:40,2027-07-13 23:25,1845,1,2955510,
2026-09-29,RT-SCL-LIS-20270712-20270731,RT,SCL,LIS,LIS,2027-07-12,2027-07-31,otro,1,madrid,MAD,LATAM / Iberia,LA 706 · IB 539,2027-07-12 18:00,2027-07-13 23:25,1465,1,3170317,
2026-09-29,RT-SCL-LIS-20270712-20270731,RT,SCL,LIS,LIS,2027-07-12,2027-07-31,otro,2,madrid,MAD,LATAM / Iberia,LA 706 · IB 533,2027-07-12 18:00,2027-07-13 16:05,1025,1,3460211,
2026-09-29,RT-SCL-LIS-20270712-20270731,RT,SCL,LIS,LIS,2027-07-12,2027-07-31,otro,3,brasil,GRU,LATAM,LA 762 · LA 8146,2027-07-12 07:35,2027-07-13 07:10,1115,1,3629619,
2026-09-29,RT-SCL-LIS-20270712-20270731,RT,SCL,LIS,LIS,2027-07-12,2027-07-31,otro,4,madrid,MAD,LATAM / Air Europa,LA 706 · UX 1157,2027-07-12 18:00,2027-07-13 19:15,1215,1,3763203,
2026-09-29,RT-SCL-LIS-20270712-20270731,RT,SCL,LIS,LIS,2027-07-12,2027-07-31,otro,5,brasil,GRU,LATAM,LA 750 · LA 8146,2027-07-12 11:30,2027-07-13 07:10,880,1,3935535,
2026-09-29,RT-SCL-LIS-20270712-20270731,RT,SCL,LIS,LIS,2027-07-12,2027-07-31,otro,6,brasil,GRU-IST,Turkish Airlines,TK 216 · TK 216 · TK 1759,2027-07-12 10:15,2027-07-13 15:35,1460,2,4769439,
2026-09-29,RT-SCL-LIS-20270712-20270731,RT,SCL,LIS,LIS,2027-07-12,2027-07-31,otro,7,otra,EZE-LHR,British Airways,BA 244 · BA 244 · BA 502,2027-07-12 10:10,2027-07-13 12:55,1305,2,6170554,
2026-09-29,RT-SCL-LIS-20270712-20270731,RT,SCL,LIS,LIS,2027-07-12,2027-07-31,otro,8,paris,CDG,Air France,AF 407 · AF 1024,2027-07-12 10:10,2027-07-13 11:15,1205,1,6445295,
2026-09-29,RT-CCP-OPO-20270712-20270731,RT,CCP,OPO,OPO,2027-07-12,2027-07-31,mejor,0,madrid,SCL-MAD,LATAM / Iberia,LA 14 · IB 118 · IB 1149,2027-07-12 20:51,2027-07-14 11:45,2034,2,4712922,
2026-09-29,RT-CCP-OPO-20270712-20270731,RT,CCP,OPO,OPO,2027-07-12,2027-07-31,mejor,1,madrid,SCL-MAD,LATAM / Air Europa,LA 6 · LA 706 · UX 1141,2027-07-12 14:44,2027-07-13 19:20,1416,2,5293302,
2026-09-29,RT-CCP-OPO-20270712-20270731,RT,CCP,OPO,OPO,2027-07-12,2027-07-31,mejor,2,madrid,SCL-MAD,LATAM / Iberia,LA 4 · IB 118 · IB 543,2027-07-12 07:41,2027-07-13 07:40,1139,2,5430280,
2026-09-29,RT-CCP-OPO-20270712-20270731,RT,CCP,OPO,OPO,2027-07-12,2027-07-31,otro,0,madrid,SCL-MAD,LATAM / Air Europa,LA 212 · LA 706 · UX 1141,2027-07-12 06:31,2027-07-13 19:20,1909,2,4996191,
2026-09-29,RT-CCP-OPO-20270712-20270731,RT,CCP,OPO,OPO,2027-07-12,2027-07-31,otro,1,madrid,SCL-MAD,LATAM / Iberia,LA 4 · LA 706 · IB 549,2027-07-12 07:41,2027-07-13 20:00,1879,2,5117826,
2026-09-29,RT-CCP-OPO-20270712-20270731,RT,CCP,OPO,OPO,2027-07-12,2027-07-31,otro,2,madrid,SCL-MAD,LATAM / Iberia,LA 16 · LA 706 · IB 549,2027-07-12 15:16,2027-07-13 20:00,1424,2,5446830,
2026-09-29,RT-CCP-OPO-20270712-20270731,RT,CCP,OPO,OPO,2027-07-12,2027-07-31,otro,3,madrid,SCL-MAD,LATAM / Iberia,LA 222 · IB 118 · IB 543,2027-07-12 18:51,2027-07-14 07:40,1909,2,5645915,
2026-09-29,RT-CCP-OPO-20270712-20270731,RT,CCP,OPO,OPO,2027-07-12,2027-07-31,otro,4,madrid,SCL-MAD,LATAM / Iberia,LA 16 · LA 706 · IB 1151,2027-07-12 15:16,2027-07-13 16:00,1184,2,6504834,
2026-09-29,RT-CCP-OPO-20270712-20270731,RT,CCP,OPO,OPO,2027-07-12,2027-07-31,otro,5,madrid,SCL-MAD,LATAM / Iberia,LA 212 · IB 118 · IB 543,2027-07-12 06:31,2027-07-13 07:40,1209,2,7392270,
2026-09-29,RT-SCL-LIS-20270710-20270730,RT,SCL,LIS,LIS,2027-07-10,2027-07-30,mejor,0,madrid,MAD,Iberia,IB 114 · IB 1145,2027-07-10 23:20,2027-07-11 20:05,945,1,3233133,
2026-09-29,RT-SCL-LIS-20270710-20270730,RT,SCL,LIS,LIS,2027-07-10,2027-07-30,mejor,1,madrid,MAD,LATAM / Iberia,LA 706 · IB 535,2027-07-10 18:00,2027-07-11 18:25,1165,1,3391863,
2026-09-29,RT-SCL-LIS-20270710-20270730,RT,SCL,LIS,LIS,2027-07-10,2027-07-30,mejor,2,otra,BCN,Iberia / Vueling,IB 2606 · VY 1186,2027-07-10 10:10,2027-07-11 08:30,1040,1,3434210,
2026-09-29,RT-SCL-LIS-20270710-20270730,RT,SCL,LIS,LIS,2027-07-10,2027-07-30,mejor,3,otra,COR-GRU,LATAM,LA 492 · LA 8282 · LA 8148,2027-07-10 10:00,2027-07-11 12:20,1280,2,3631425,
2026-09-29,RT-SCL-LIS-20270710-20270730,RT,SCL,LIS,LIS,2027-07-10,2027-07-30,mejor,4,brasil,GRU,LATAM,LA 754 · LA 8148,2027-07-10 14:10,2027-07-11 12:20,1030,1,3713964,
2026-09-29,RT-SCL-LIS-20270710-20270730,RT,SCL,LIS,LIS,2027-07-10,2027-07-30,otro,0,madrid,MAD,Iberia,IB 114 · IB 539,2027-07-10 23:20,2027-07-11 23:25,1145,1,3153287,
2026-09-29,RT-SCL-LIS-20270710-20270730,RT,SCL,LIS,LIS,2027-07-10,2027-07-30,otro,1,otra,BCN,Iberia / Vueling,IB 2606 · VY 1188,2027-07-10 10:10,2027-07-11 13:20,1330,1,3231228,
2026-09-29,RT-SCL-LIS-20270710-20270730,RT,SCL,LIS,LIS,2027-07-10,2027-07-30,otro,2,brasil,GRU,LATAM,LA 762 · LA 8148,2027-07-10 07:35,2027-07-11 12:20,1425,1,3610650,
2026-09-29,RT-SCL-LIS-20270710-20270730,RT,SCL,LIS,LIS,2027-07-10,2027-07-30,otro,3,madrid,MAD,LATAM / Iberia,LA 706 · IB 533,2027-07-10 18:00,2027-07-11 16:05,1025,1,3616009,
2026-09-29,RT-SCL-LIS-20270710-20270730,RT,SCL,LIS,LIS,2027-07-10,2027-07-30,otro,4,otra,AEP-GRU,LATAM,LA 455 · LA 8035 · LA 8148,2027-07-10 12:28,2027-07-11 12:20,1132,2,3646584,
2026-09-29,RT-SCL-LIS-20270710-20270730,RT,SCL,LIS,LIS,2027-07-10,2027-07-30,otro,5,brasil,GRU,LATAM,LA 762 · LA 8146,2027-07-10 07:35,2027-07-11 07:10,1115,1,3814974,
2026-09-29,RT-SCL-LIS-20270710-20270730,RT,SCL,LIS,LIS,2027-07-10,2027-07-30,otro,6,brasil,GRU,LATAM,LA 750 · LA 8146,2027-07-10 11:30,2027-07-11 07:10,880,1,4219014,
2026-09-29,RT-SCL-LIS-20270710-20270730,RT,SCL,LIS,LIS,2027-07-10,2027-07-30,otro,7,brasil,GRU-IST,Turkish Airlines,TK 216 · TK 216 · TK 1759,2027-07-10 10:15,2027-07-11 15:50,1475,2,4309603,
2026-09-29,RT-SCL-LIS-20270710-20270730,RT,SCL,LIS,LIS,2027-07-10,2027-07-30,otro,8,otra,EZE-LHR,British Airways,BA 244 · BA 244 · BA 506,2027-07-10 10:10,2027-07-11 18:05,1615,2,5235049,
2026-09-29,RT-SCL-LIS-20270710-20270730,RT,SCL,LIS,LIS,2027-07-10,2027-07-30,otro,9,paris,CDG,Air France,AF 407 · AF 1024,2027-07-10 10:10,2027-07-11 11:15,1205,1,7656453,
2026-09-29,RT-SCL-LIS-20270710-20270730,RT,SCL,LIS,LIS,2027-07-10,2027-07-30,otro,10,otra,EZE-AMS,KLM,KL 702 · KL 702 · KL 1583,2027-07-10 10:15,2027-07-11 14:35,1400,2,8572215,
2026-09-29,RT-SCL-OPO-20270710-20270731,RT,SCL,OPO,OPO,2027-07-10,2027-07-31,mejor,0,madrid,MAD,Iberia,IB 114 · IB 1153,2027-07-10 23:20,2027-07-11 20:00,940,1,3028112,
2026-09-29,RT-SCL-OPO-20270710-20270731,RT,SCL,OPO,OPO,2027-07-10,2027-07-31,mejor,1,madrid,MAD,Iberia,IB 118 · IB 543,2027-07-10 11:40,2027-07-11 07:40,900,1,3200310,
2026-09-29,RT-SCL-OPO-20270710-20270731,RT,SCL,OPO,OPO,2027-07-10,2027-07-31,mejor,2,otra,BCN,Iberia / Vueling,IB 2606 · VY 1212,2027-07-10 10:10,2027-07-11 08:00,1010,1,3309035,
2026-09-29,RT-SCL-OPO-20270710-20270731,RT,SCL,OPO,OPO,2027-07-10,2027-07-31,otro,0,madrid,MAD,LATAM / Air Europa,LA 706 · UX 1147,2027-07-10 18:00,2027-07-12 06:45,1905,1,3219654,
2026-09-29,RT-SCL-OPO-20270710-20270731,RT,SCL,OPO,OPO,2027-07-10,2027-07-31,otro,1,madrid,MAD,LATAM / Iberia,LA 706 · IB 1153,2027-07-10 18:00,2027-07-11 20:00,1260,1,3266688,
2026-09-29,RT-SCL-OPO-20270710-20270731,RT,SCL,OPO,OPO,2027-07-10,2027-07-31,otro,2,otra,MVD-MAD,LATAM / Iberia,LA 410 · IB 170 · IB 1151,2027-07-10 15:35,2027-07-11 16:00,1165,2,3599078,
2026-09-29,RT-SCL-OPO-20270710-20270731,RT,SCL,OPO,OPO,2027-07-10,2027-07-31,otro,3,brasil,GRU-MAD,LATAM / Air Europa,LA 8155 · LA 8076 · UX 1141,2027-07-10 15:50,2027-07-11 19:20,1350,2,3660678,
2026-09-29,RT-SCL-OPO-20270710-20270731,RT,SCL,OPO,OPO,2027-07-10,2027-07-31,otro,4,madrid,MAD,LATAM / Iberia,LA 706 · IB 1151,2027-07-10 18:00,2027-07-11 16:00,1020,1,3750574,
2026-09-29,RT-SCL-OPO-20270710-20270731,RT,SCL,OPO,OPO,2027-07-10,2027-07-31,otro,5,brasil,GRU-IST,Turkish Airlines,TK 216 · TK 216 · TK 1451,2027-07-10 10:15,2027-07-11 15:40,1465,2,4274896,
2026-09-29,RT-SCL-OPO-20270710-20270731,RT,SCL,OPO,OPO,2027-07-10,2027-07-31,otro,6,lima,LIM-MAD,LATAM / Iberia,LA 2412 · LA 2484 · IB 1153,2027-07-10 18:00,2027-07-11 20:00,1260,2,5036718,
2026-09-29,RT-SCL-OPO-20270710-20270731,RT,SCL,OPO,OPO,2027-07-10,2027-07-31,otro,7,otra,BOG-YUL,Avianca / Air Canada,AV 240 · AC 99 · AC 928,2027-07-10 00:30,2027-07-11 10:00,1710,2,5555821,
2026-09-29,RT-SCL-OPO-20270710-20270731,RT,SCL,OPO,OPO,2027-07-10,2027-07-31,otro,8,paris,CDG,Air France,AF 407 · AF 1528,2027-07-10 10:10,2027-07-11 15:25,1455,1,7097370,
2026-09-29,RT-SCL-LIS-20270710-20270731,RT,SCL,LIS,LIS,2027-07-10,2027-07-31,mejor,0,madrid,MAD,Iberia,IB 114 · IB 1145,2027-07-10 23:20,2027-07-11 20:05,945,1,3077335,
2026-09-29,RT-SCL-LIS-20270710-20270731,RT,SCL,LIS,LIS,2027-07-10,2027-07-31,mejor,1,madrid,MAD,LATAM / Iberia,LA 706 · IB 535,2027-07-10 18:00,2027-07-11 18:25,1165,1,3236065,
2026-09-29,RT-SCL-LIS-20270710-20270731,RT,SCL,LIS,LIS,2027-07-10,2027-07-31,mejor,2,otra,BCN,Iberia / Vueling,IB 2606 · VY 1186,2027-07-10 10:10,2027-07-11 08:30,1040,1,3278412,
2026-09-29,RT-SCL-LIS-20270710-20270731,RT,SCL,LIS,LIS,2027-07-10,2027-07-31,mejor,3,otra,COR-GRU,LATAM,LA 492 · LA 8282 · LA 8148,2027-07-10 10:00,2027-07-11 12:20,1280,2,3633660,
2026-09-29,RT-SCL-LIS-20270710-20270731,RT,SCL,LIS,LIS,2027-07-10,2027-07-31,mejor,4,brasil,GRU,LATAM,LA 754 · LA 8148,2027-07-10 14:10,2027-07-11 12:20,1030,1,3716199,
2026-09-29,RT-SCL-LIS-20270710-20270731,RT,SCL,LIS,LIS,2027-07-10,2027-07-31,otro,0,madrid,MAD,Iberia,IB 114 · IB 539,2027-07-10 23:20,2027-07-11 23:25,1145,1,2997489,
2026-09-29,RT-SCL-LIS-20270710-20270731,RT,SCL,LIS,LIS,2027-07-10,2027-07-31,otro,1,otra,BCN,Iberia / Vueling,IB 2606 · VY 1188,2027-07-10 10:10,2027-07-11 13:20,1330,1,3075430,
2026-09-29,RT-SCL-LIS-20270710-20270731,RT,SCL,LIS,LIS,2027-07-10,2027-07-31,otro,2,madrid,MAD,LATAM / Iberia,LA 706 · IB 533,2027-07-10 18:00,2027-07-11 16:05,1025,1,3460211,
2026-09-29,RT-SCL-LIS-20270710-20270731,RT,SCL,LIS,LIS,2027-07-10,2027-07-31,otro,3,brasil,GRU,LATAM,LA 762 · LA 8146,2027-07-10 07:35,2027-07-11 07:10,1115,1,3817209,
2026-09-29,RT-SCL-LIS-20270710-20270731,RT,SCL,LIS,LIS,2027-07-10,2027-07-31,otro,4,brasil,GRU,LATAM,LA 750 · LA 8146,2027-07-10 11:30,2027-07-11 07:10,880,1,4221249,
2026-09-29,RT-SCL-LIS-20270710-20270731,RT,SCL,LIS,LIS,2027-07-10,2027-07-31,otro,5,brasil,GRU-IST,Turkish Airlines,TK 216 · TK 216 · TK 1759,2027-07-10 10:15,2027-07-11 15:50,1475,2,4769439,
2026-09-29,RT-SCL-LIS-20270710-20270731,RT,SCL,LIS,LIS,2027-07-10,2027-07-31,otro,6,otra,EZE-LHR,British Airways,BA 244 · BA 244 · BA 504,2027-07-10 10:10,2027-07-11 16:20,1510,2,6835522,
2026-09-29,RT-SCL-LIS-20270710-20270731,RT,SCL,LIS,LIS,2027-07-10,2027-07-31,otro,7,paris,CDG,Air France,AF 407 · AF 1024,2027-07-10 10:10,2027-07-11 11:15,1205,1,7656453,
2026-09-29,RT-SCL-LIS-20270710-20270731,RT,SCL,LIS,LIS,2027-07-10,2027-07-31,otro,8,otra,EZE-AMS,KLM,KL 702 · KL 702 · KL 1583,2027-07-10 10:15,2027-07-11 14:35,1400,2,8572215,
2026-09-30,RT-SCL-OPO-20270712-20270731,RT,SCL,OPO,OPO,2027-07-12,2027-07-31,mejor,0,madrid,MAD,Iberia,IB 118 · IB 543,2027-07-12 11:40,2027-07-13 07:40,900,1,3040401,
2026-09-30,RT-SCL-OPO-20270712-20270731,RT,SCL,OPO,OPO,2027-07-12,2027-07-31,mejor,1,madrid,MAD,LATAM / Air Europa,LA 706 · UX 1147,2027-07-12 18:00,2027-07-14 06:45,1905,1,3232635,
2026-09-30,RT-SCL-OPO-20270712-20270731,RT,SCL,OPO,OPO,2027-07-12,2027-07-31,mejor,2,madrid,MAD,LATAM / Iberia,LA 706 · IB 1151,2027-07-12 18:00,2027-07-13 16:00,1020,1,3279969,
2026-09-30,RT-SCL-OPO-20270712-20270731,RT,SCL,OPO,OPO,2027-07-12,2027-07-31,otro,0,madrid,MAD,LATAM / Iberia,LA 706 · IB 543,2027-07-12 18:00,2027-07-14 07:40,1960,1,3237864,
2026-09-30,RT-SCL-OPO-20270712-20270731,RT,SCL,OPO,OPO,2027-07-12,2027-07-31,otro,1,brasil,GRU-IST,Turkish Airlines,TK 216 · TK 216 · TK 1451,2027-07-12 10:15,2027-07-13 15:40,1465,2,4582287,
2026-09-30,RT-SCL-OPO-20270712-20270731,RT,SCL,OPO,OPO,2027-07-12,2027-07-31,otro,2,lima,LIM-YUL,LATAM / Air Canada,LA 2444 · AC 89 · AC 928,2027-07-12 21:55,2027-07-14 10:00,1865,2,4778250,
2026-09-30,RT-SCL-OPO-20270712-20270731,RT,SCL,OPO,OPO,2027-07-12,2027-07-31,otro,3,otra,BOG-YUL,LATAM / Air Canada,LA 572 · AC 99 · AC 928,2027-07-12 23:05,2027-07-14 10:00,1795,2,4845870,
2026-09-30,RT-SCL-OPO-20270712-20270731,RT,SCL,OPO,OPO,2027-07-12,2027-07-31,otro,4,madrid,MAD-LGW,Iberia / British Airways,IB 118 · IB 1861 · BA 2668,2027-07-12 11:40,2027-07-13 20:05,1645,2,5721553,
2026-09-30,RT-SCL-OPO-20270712-20270731,RT,SCL,OPO,OPO,2027-07-12,2027-07-31,otro,5,paris,CDG,Air France,AF 407 · AF 1528,2027-07-12 10:10,2027-07-13 15:25,1455,1,6747006,
2026-09-30,RT-SCL-OPO-20270712-20270731,RT,SCL,OPO,OPO,2027-07-12,2027-07-31,otro,6,otra,MIA-PHL,American,AA 912 · AA 1284 · AA 1774,2027-07-12 20:35,2027-07-14 08:15,1840,2,7122582,
2026-09-30,RT-SCL-LIS-20270712-20270731,RT,SCL,LIS,LIS,2027-07-12,2027-07-31,mejor,0,madrid,MAD,Iberia,IB 118 · IB 529,2027-07-12 11:40,2027-07-13 07:45,905,1,3009624,
2026-09-30,RT-SCL-LIS-20270712-20270731,RT,SCL,LIS,LIS,2027-07-12,2027-07-31,mejor,1,otra,ASU-GRU,LATAM,LA 1304 · LA 8015 · LA 8146,2027-07-12 08:30,2027-07-13 07:10,1060,2,3644550,
2026-09-30,RT-SCL-LIS-20270712-20270731,RT,SCL,LIS,LIS,2027-07-12,2027-07-31,mejor,2,brasil,GRU,LATAM,LA 8155 · LA 8148,2027-07-12 15:50,2027-07-13 12:20,930,1,3644550,
2026-09-30,RT-SCL-LIS-20270712-20270731,RT,SCL,LIS,LIS,2027-07-12,2027-07-31,otro,0,madrid,MAD,Iberia,IB 118 · IB 539,2027-07-12 11:40,2027-07-13 23:25,1845,1,2967519,
2026-09-30,RT-SCL-LIS-20270712-20270731,RT,SCL,LIS,LIS,2027-07-12,2027-07-31,otro,1,madrid,MAD,LATAM / Iberia,LA 706 · IB 539,2027-07-12 18:00,2027-07-13 23:25,1465,1,3183252,
2026-09-30,RT-SCL-LIS-20270712-20270731,RT,SCL,LIS,LIS,2027-07-12,2027-07-31,otro,2,madrid,MAD,LATAM / Iberia,LA 706 · IB 533,2027-07-12 18:00,2027-07-13 16:05,1025,1,3474270,
2026-09-30,RT-SCL-LIS-20270712-20270731,RT,SCL,LIS,LIS,2027-07-12,2027-07-31,otro,3,brasil,GRU,LATAM,LA 762 · LA 8146,2027-07-12 07:35,2027-07-13 07:10,1115,1,3644550,
2026-09-30,RT-SCL-LIS-20270712-20270731,RT,SCL,LIS,LIS,2027-07-12,2027-07-31,otro,4,madrid,MAD,LATAM / Air Europa,LA 706 · UX 1157,2027-07-12 18:00,2027-07-13 19:15,1215,1,3778602,
2026-09-30,RT-SCL-LIS-20270712-20270731,RT,SCL,LIS,LIS,2027-07-12,2027-07-31,otro,5,brasil,GRU,LATAM,LA 750 · LA 8146,2027-07-12 11:30,2027-07-13 07:10,880,1,3951738,
2026-09-30,RT-SCL-LIS-20270712-20270731,RT,SCL,LIS,LIS,2027-07-12,2027-07-31,otro,6,brasil,GRU-IST,Turkish Airlines,TK 216 · TK 216 · TK 1759,2027-07-12 10:15,2027-07-13 15:35,1460,2,4789050,
2026-09-30,RT-SCL-LIS-20270712-20270731,RT,SCL,LIS,LIS,2027-07-12,2027-07-31,otro,7,otra,EZE-LHR,British Airways,BA 244 · BA 244 · BA 502,2027-07-12 10:10,2027-07-13 12:55,1305,2,5588641,
2026-09-30,RT-SCL-LIS-20270712-20270731,RT,SCL,LIS,LIS,2027-07-12,2027-07-31,otro,8,paris,CDG,Air France,AF 407 · AF 1024,2027-07-12 10:10,2027-07-13 11:15,1205,1,6471831,
2026-09-30,RT-CCP-OPO-20270712-20270731,RT,CCP,OPO,OPO,2027-07-12,2027-07-31,mejor,0,madrid,SCL-MAD,LATAM / Iberia,LA 4 · LA 706 · IB 549,2027-07-12 07:41,2027-07-13 20:00,1879,2,4362834,
2026-09-30,RT-CCP-OPO-20270712-20270731,RT,CCP,OPO,OPO,2027-07-12,2027-07-31,mejor,1,madrid,SCL-MAD,LATAM / Iberia,LA 14 · IB 118 · IB 543,2027-07-12 20:51,2027-07-14 07:40,1789,2,4732140,
2026-09-30,RT-CCP-OPO-20270712-20270731,RT,CCP,OPO,OPO,2027-07-12,2027-07-31,mejor,2,madrid,SCL-MAD,LATAM / Iberia,LA 4 · IB 118 · IB 543,2027-07-12 07:41,2027-07-13 07:40,1139,2,5452482,
2026-09-30,RT-CCP-OPO-20270712-20270731,RT,CCP,OPO,OPO,2027-07-12,2027-07-31,mejor,3,madrid,SCL-MAD,LATAM / Iberia,LA 16 · LA 706 · IB 1151,2027-07-12 15:16,2027-07-13 16:00,1184,2,5669013,
2026-09-30,RT-CCP-OPO-20270712-20270731,RT,CCP,OPO,OPO,2027-07-12,2027-07-31,otro,0,madrid,SCL-MAD,LATAM / Air Europa,LA 4 · LA 706 · UX 1141,2027-07-12 07:41,2027-07-13 19:20,1839,2,5016585,
2026-09-30,RT-CCP-OPO-20270712-20270731,RT,CCP,OPO,OPO,2027-07-12,2027-07-31,otro,1,madrid,SCL-MAD,LATAM / Air Europa,LA 6 · LA 706 · UX 1147,2027-07-12 14:44,2027-07-14 06:45,2101,2,5040420,
2026-09-30,RT-CCP-OPO-20270712-20270731,RT,CCP,OPO,OPO,2027-07-12,2027-07-31,otro,2,madrid,SCL-MAD,LATAM / Air Europa,LA 6 · LA 706 · UX 1141,2027-07-12 14:44,2027-07-13 19:20,1416,2,5314932,
2026-09-30,RT-CCP-OPO-20270712-20270731,RT,CCP,OPO,OPO,2027-07-12,2027-07-31,otro,3,madrid,SCL-MAD,LATAM / Iberia,LA 16 · LA 706 · IB 549,2027-07-12 15:16,2027-07-13 20:00,1424,2,5436921,
2026-09-30,RT-SCL-OPO-20270710-20270801,RT,SCL,OPO,OPO,2027-07-10,2027-08-01,otro,0,madrid,MAD,Iberia,IB 114 · IB 1153,2027-07-10 23:20,2027-07-11 20:00,940,1,2861766,"Vuelta verificada: IB 544 · IB 113, sale 2027-08-01 08:20, llega 2027-08-01 21:40"
2026-09-30,RT-SCL-LIS-20270710-20270801,RT,SCL,LIS,LIS,2027-07-10,2027-08-01,mejor,0,madrid,MAD,Iberia,IB 114 · IB 539,2027-07-10 23:20,2027-07-11 23:25,1145,1,2830989,"Vuelta verificada: IB 540 · IB 113, sale 2027-08-01 06:35, llega 2027-08-01 21:40"
2026-09-30,RT-SCL-OPO-20270711-20270729,RT,SCL,OPO,OPO,2027-07-11,2027-07-29,mejor,0,madrid,MAD,Iberia,IB 118 · IB 543,2027-07-11 11:40,2027-07-12 07:40,900,1,2861766,
2026-09-30,RT-SCL-OPO-20270711-20270729,RT,SCL,OPO,OPO,2027-07-11,2027-07-29,mejor,1,madrid,MAD,Iberia,IB 114 · IB 549,2027-07-11 23:20,2027-07-12 20:00,940,1,2861766,
2026-09-30,RT-SCL-OPO-20270711-20270729,RT,SCL,OPO,OPO,2027-07-11,2027-07-29,mejor,2,madrid,MAD,LATAM / Iberia,LA 706 · IB 1151,2027-07-11 18:00,2027-07-12 16:00,1020,1,3101334,
2026-09-30,RT-SCL-OPO-20270711-20270729,RT,SCL,OPO,OPO,2027-07-11,2027-07-29,otro,0,otra,MVD-MAD,LATAM / Iberia,LA 410 · IB 170 · IB 549,2027-07-11 15:35,2027-07-12 20:00,1405,2,3334974,
2026-09-30,RT-SCL-OPO-20270711-20270729,RT,SCL,OPO,OPO,2027-07-11,2027-07-29,otro,1,madrid,MAD,LATAM / Air Europa,LA 708 · UX 1143,2027-07-11 15:05,2027-07-12 15:15,1150,1,3406191,
2026-09-30,RT-SCL-OPO-20270711-20270729,RT,SCL,OPO,OPO,2027-07-11,2027-07-29,otro,2,madrid,MAD,LATAM / Air Europa,LA 706 · UX 1141,2027-07-11 18:00,2027-07-12 19:20,1220,1,3406191,
2026-09-30,RT-SCL-OPO-20270711-20270729,RT,SCL,OPO,OPO,2027-07-11,2027-07-29,otro,3,brasil,GRU-IST,Turkish Airlines,TK 216 · TK 216 · TK 1451,2027-07-11 10:15,2027-07-12 15:40,1465,2,4582287,
2026-09-30,RT-SCL-OPO-20270711-20270729,RT,SCL,OPO,OPO,2027-07-11,2027-07-29,otro,4,lima,LIM-MAD,LATAM / Iberia,LA 520 · LA 2484 · IB 1151,2027-07-11 14:40,2027-07-13 16:00,2660,2,4734147,
2026-09-30,RT-SCL-OPO-20270711-20270729,RT,SCL,OPO,OPO,2027-07-11,2027-07-29,otro,5,madrid,MAD-LGW,Iberia / British Airways,IB 118 · IB 1861 · BA 2668,2027-07-11 11:40,2027-07-12 20:35,1675,2,4980777,
2026-09-30,RT-SCL-OPO-20270711-20270729,RT,SCL,OPO,OPO,2027-07-11,2027-07-29,otro,6,paris,CDG,Air France,AF 407 · AF 1528,2027-07-11 10:10,2027-07-12 15:25,1455,1,5288346,
2026-10-01,RT-SCL-OPO-20270712-20270731,RT,SCL,OPO,OPO,2027-07-12,2027-07-31,mejor,0,madrid,MAD,Iberia,IB 118 · IB 543,2027-07-12 11:40,2027-07-13 07:40,900,1,3052372,
2026-10-01,RT-SCL-OPO-20270712-20270731,RT,SCL,OPO,OPO,2027-07-12,2027-07-31,mejor,1,madrid,MAD,LATAM / Air Europa,LA 706 · UX 1147,2027-07-12 18:00,2027-07-14 06:45,1905,1,3245202,
2026-10-01,RT-SCL-OPO-20270712-20270731,RT,SCL,OPO,OPO,2027-07-12,2027-07-31,mejor,2,madrid,MAD,LATAM / Iberia,LA 706 · IB 1151,2027-07-12 18:00,2027-07-13 16:00,1020,1,3292932,
2026-10-01,RT-SCL-OPO-20270712-20270731,RT,SCL,OPO,OPO,2027-07-12,2027-07-31,otro,0,madrid,MAD,LATAM / Iberia,LA 706 · IB 543,2027-07-12 18:00,2027-07-14 07:40,1960,1,3250764,
2026-10-01,RT-SCL-OPO-20270712-20270731,RT,SCL,OPO,OPO,2027-07-12,2027-07-31,otro,1,lima,LIM-YUL,LATAM / Air Canada,LA 2444 · AC 89 · AC 928,2027-07-12 21:55,2027-07-14 10:00,1865,2,3917001,
2026-10-01,RT-SCL-OPO-20270712-20270731,RT,SCL,OPO,OPO,2027-07-12,2027-07-31,otro,2,otra,BOG-YUL,LATAM / Air Canada,LA 572 · AC 99 · AC 928,2027-07-12 23:05,2027-07-14 10:00,1795,2,3984901,
2026-10-01,RT-SCL-OPO-20270712-20270731,RT,SCL,OPO,OPO,2027-07-12,2027-07-31,otro,3,brasil,GRU-IST,Turkish Airlines,TK 216 · TK 216 · TK 1451,2027-07-12 10:05,2027-07-13 15:40,1475,2,4600904,
2026-10-01,RT-SCL-OPO-20270712-20270731,RT,SCL,OPO,OPO,2027-07-12,2027-07-31,otro,4,madrid,MAD-LGW,Iberia / British Airways,IB 118 · IB 1861 · BA 2668,2027-07-12 11:40,2027-07-13 20:05,1645,2,5715759,
2026-10-01,RT-SCL-OPO-20270712-20270731,RT,SCL,OPO,OPO,2027-07-12,2027-07-31,otro,5,paris,CDG,Air France,AF 407 · AF 1528,2027-07-12 10:10,2027-07-13 15:25,1455,1,6774450,
2026-10-01,RT-SCL-OPO-20270712-20270731,RT,SCL,OPO,OPO,2027-07-12,2027-07-31,otro,6,otra,MIA-PHL,American,AA 912 · AA 1284 · AA 1774,2027-07-12 20:35,2027-07-14 08:15,1840,2,7153923,
2026-10-01,RT-SCL-LIS-20270712-20270731,RT,SCL,LIS,LIS,2027-07-12,2027-07-31,mejor,0,madrid,MAD,Iberia,IB 118 · IB 529,2027-07-12 11:40,2027-07-13 07:45,905,1,3021411,
2026-10-01,RT-SCL-LIS-20270712-20270731,RT,SCL,LIS,LIS,2027-07-12,2027-07-31,mejor,1,otra,ASU-GRU,LATAM,LA 1304 · LA 8015 · LA 8146,2027-07-12 08:30,2027-07-13 07:10,1060,2,3659313,
2026-10-01,RT-SCL-LIS-20270712-20270731,RT,SCL,LIS,LIS,2027-07-12,2027-07-31,mejor,2,brasil,GRU,LATAM,LA 8155 · LA 8148,2027-07-12 15:50,2027-07-13 12:20,930,1,3848463,
2026-10-01,RT-SCL-LIS-20270712-20270731,RT,SCL,LIS,LIS,2027-07-12,2027-07-31,otro,0,madrid,MAD,LATAM / Iberia,LA 706 · IB 539,2027-07-12 18:00,2027-07-13 23:25,1465,1,3195926,
2026-10-01,RT-SCL-LIS-20270712-20270731,RT,SCL,LIS,LIS,2027-07-12,2027-07-31,otro,1,madrid,MAD,LATAM / Iberia,LA 706 · IB 533,2027-07-12 18:00,2027-07-13 16:05,1025,1,3487981,
2026-10-01,RT-SCL-LIS-20270712-20270731,RT,SCL,LIS,LIS,2027-07-12,2027-07-31,otro,2,brasil,GRU,LATAM,LA 762 · LA 8146,2027-07-12 07:35,2027-07-13 07:10,1115,1,3848463,
2026-10-01,RT-SCL-LIS-20270712-20270731,RT,SCL,LIS,LIS,2027-07-12,2027-07-31,otro,3,brasil,GRU,LATAM,LA 750 · LA 8146,2027-07-12 11:30,2027-07-13 07:10,880,1,3967773,
2026-10-01,RT-SCL-LIS-20270712-20270731,RT,SCL,LIS,LIS,2027-07-12,2027-07-31,otro,4,brasil,GRU,LATAM,LA 8153 · LA 8148,2027-07-12 04:45,2027-07-13 12:20,1595,1,3974295,
2026-10-01,RT-SCL-LIS-20270712-20270731,RT,SCL,LIS,LIS,2027-07-12,2027-07-31,otro,5,brasil,GRU-IST,Turkish Airlines,TK 216 · TK 216 · TK 1759,2027-07-12 10:05,2027-07-13 15:35,1470,2,4808439,
2026-10-01,RT-SCL-LIS-20270712-20270731,RT,SCL,LIS,LIS,2027-07-12,2027-07-31,otro,6,otra,EZE-LHR,British Airways,BA 244 · BA 244 · BA 502,2027-07-12 10:10,2027-07-13 12:55,1305,2,6246976,
2026-10-01,RT-SCL-LIS-20270712-20270731,RT,SCL,LIS,LIS,2027-07-12,2027-07-31,otro,7,paris,CDG,Air France,AF 407 · AF 1024,2027-07-12 10:10,2027-07-13 11:15,1205,1,6498079,
2026-10-01,RT-CCP-OPO-20270712-20270731,RT,CCP,OPO,OPO,2027-07-12,2027-07-31,mejor,0,madrid,SCL-MAD,LATAM / Iberia,LA 4 · LA 706 · IB 549,2027-07-12 07:41,2027-07-13 20:00,1879,2,4380329,
2026-10-01,RT-CCP-OPO-20270712-20270731,RT,CCP,OPO,OPO,2027-07-12,2027-07-31,mejor,1,madrid,SCL-MAD,LATAM / Iberia,LA 14 · IB 118 · IB 543,2027-07-12 20:51,2027-07-14 07:40,1789,2,4751163,
2026-10-01,RT-CCP-OPO-20270712-20270731,RT,CCP,OPO,OPO,2027-07-12,2027-07-31,mejor,2,madrid,SCL-MAD,LATAM / Iberia,LA 4 · IB 118 · IB 543,2027-07-12 07:41,2027-07-13 07:40,1139,2,5474489,
2026-10-01,RT-CCP-OPO-20270712-20270731,RT,CCP,OPO,OPO,2027-07-12,2027-07-31,mejor,3,madrid,SCL-MAD,LATAM / Iberia,LA 16 · LA 706 · IB 1151,2027-07-12 15:16,2027-07-13 16:00,1184,2,5691916,
2026-10-01,RT-CCP-OPO-20270712-20270731,RT,CCP,OPO,OPO,2027-07-12,2027-07-31,otro,0,madrid,SCL-MAD,LATAM / Air Europa,LA 4 · LA 706 · UX 1141,2027-07-12 07:41,2027-07-13 19:20,1839,2,5036784,
2026-10-01,RT-CCP-OPO-20270712-20270731,RT,CCP,OPO,OPO,2027-07-12,2027-07-31,otro,1,madrid,SCL-MAD,LATAM / Air Europa,LA 6 · LA 706 · UX 1147,2027-07-12 14:44,2027-07-14 06:45,2101,2,5060661,
2026-10-01,RT-CCP-OPO-20270712-20270731,RT,CCP,OPO,OPO,2027-07-12,2027-07-31,otro,2,madrid,SCL-MAD,LATAM / Air Europa,LA 6 · LA 706 · UX 1141,2027-07-12 14:44,2027-07-13 19:20,1416,2,5336367,
2026-10-01,RT-CCP-OPO-20270712-20270731,RT,CCP,OPO,OPO,2027-07-12,2027-07-31,otro,3,madrid,SCL-MAD,LATAM / Iberia,LA 16 · LA 706 · IB 549,2027-07-12 15:16,2027-07-13 20:00,1424,2,5458551,
2026-10-01,RT-SCL-LIS-20270711-20270729,RT,SCL,LIS,LIS,2027-07-11,2027-07-29,mejor,0,madrid,MAD,Iberia,IB 118 · IB 1139,2027-07-11 11:40,2027-07-12 07:45,905,1,2842284,
2026-10-01,RT-SCL-LIS-20270711-20270729,RT,SCL,LIS,LIS,2027-07-11,2027-07-29,mejor,1,madrid,MAD,Iberia,IB 114 · IB 537,2027-07-11 23:20,2027-07-12 20:05,945,1,2842284,
2026-10-01,RT-SCL-LIS-20270711-20270729,RT,SCL,LIS,LIS,2027-07-11,2027-07-29,mejor,2,madrid,MAD,LATAM / Iberia,LA 706 · IB 533,2027-07-11 18:00,2027-07-12 16:05,1025,1,3308854,
2026-10-01,RT-SCL-LIS-20270711-20270729,RT,SCL,LIS,LIS,2027-07-11,2027-07-29,otro,0,madrid,MAD,LATAM / Iberia,LA 706 · IB 537,2027-07-11 18:00,2027-07-12 20:05,1265,1,3082844,
2026-10-01,RT-SCL-LIS-20270711-20270729,RT,SCL,LIS,LIS,2027-07-11,2027-07-29,otro,1,madrid,MAD,LATAM / Air Europa,LA 706 · UX 1157,2027-07-11 18:00,2027-07-12 19:15,1215,1,3546762,
2026-10-01,RT-SCL-LIS-20270711-20270729,RT,SCL,LIS,LIS,2027-07-11,2027-07-29,otro,2,brasil,GIG-GRU,LATAM,LA 778 · LA 3429 · LA 8146,2027-07-11 07:15,2027-07-12 07:10,1135,2,3628590,
2026-10-01,RT-SCL-LIS-20270711-20270729,RT,SCL,LIS,LIS,2027-07-11,2027-07-29,otro,3,otra,ASU-GRU,LATAM,LA 1304 · LA 8015 · LA 8146,2027-07-11 08:30,2027-07-12 07:10,1060,2,3657072,
2026-10-01,RT-SCL-LIS-20270711-20270729,RT,SCL,LIS,LIS,2027-07-11,2027-07-29,otro,4,brasil,GRU-IST,Turkish Airlines,TK 216 · TK 216 · TK 1759,2027-07-11 10:05,2027-07-12 15:50,1485,2,4632869,
2026-10-01,RT-SCL-LIS-20270711-20270729,RT,SCL,LIS,LIS,2027-07-11,2027-07-29,otro,5,paris,CDG,Air France,AF 407 · AF 1024,2027-07-11 10:10,2027-07-12 11:15,1205,1,5332139,
2026-10-01,RT-SCL-OPO-20270711-20270730,RT,SCL,OPO,OPO,2027-07-11,2027-07-30,mejor,0,madrid,MAD,Iberia,IB 118 · IB 543,2027-07-11 11:40,2027-07-12 07:40,900,1,2964457,
2026-10-01,RT-SCL-OPO-20270711-20270730,RT,SCL,OPO,OPO,2027-07-11,2027-07-30,mejor,1,madrid,MAD,Iberia,IB 114 · IB 549,2027-07-11 23:20,2027-07-12 20:00,940,1,2964457,
2026-10-01,RT-SCL-OPO-20270711-20270730,RT,SCL,OPO,OPO,2027-07-11,2027-07-30,mejor,2,madrid,MAD,LATAM / Iberia,LA 706 · IB 1151,2027-07-11 18:00,2027-07-12 16:00,1020,1,3204047,
2026-10-01,RT-SCL-OPO-20270711-20270730,RT,SCL,OPO,OPO,2027-07-11,2027-07-30,mejor,3,madrid,MAD,LATAM / Air Europa,LA 706 · UX 1141,2027-07-11 18:00,2027-07-12 19:20,1220,1,3328995,
2026-10-01,RT-SCL-OPO-20270711-20270730,RT,SCL,OPO,OPO,2027-07-11,2027-07-30,otro,0,brasil,GRU-IST,Turkish Airlines,TK 216 · TK 216 · TK 1451,2027-07-11 10:05,2027-07-12 15:40,1475,2,4446674,
2026-10-01,RT-SCL-OPO-20270711-20270730,RT,SCL,OPO,OPO,2027-07-11,2027-07-30,otro,1,paris,CDG,Air France,AF 407 · AF 1528,2027-07-11 10:10,2027-07-12 15:25,1455,1,5691930,
2026-10-01,RT-SCL-OPO-20270711-20270730,RT,SCL,OPO,OPO,2027-07-11,2027-07-30,otro,2,otra,EZE-AMS,KLM,KL 702 · KL 702 · KL 1573,2027-07-11 10:15,2027-07-12 15:30,1455,2,7156437,
2026-10-01,RT-SCL-OPO-20270711-20270730,RT,SCL,OPO,OPO,2027-07-11,2027-07-30,otro,3,madrid,MAD,LATAM / Iberia,LA 708 · IB 1149,2027-07-11 15:05,2027-07-12 11:45,940,1,14253954,
2026-10-01,RT-SCL-LIS-20270711-20270730,RT,SCL,LIS,LIS,2027-07-11,2027-07-30,mejor,0,madrid,MAD,Iberia,IB 118 · IB 1139,2027-07-11 11:40,2027-07-12 07:45,905,1,3178906,
2026-10-01,RT-SCL-LIS-20270711-20270730,RT,SCL,LIS,LIS,2027-07-11,2027-07-30,mejor,1,madrid,MAD,Iberia,IB 114 · IB 537,2027-07-11 23:20,2027-07-12 20:05,945,1,3178906,
2026-10-01,RT-SCL-LIS-20270711-20270730,RT,SCL,LIS,LIS,2027-07-11,2027-07-30,mejor,2,otra,ASU-GRU,LATAM,LA 1304 · LA 8015 · LA 8146,2027-07-11 08:30,2027-07-12 07:10,1060,2,3657072,
2026-10-01,RT-SCL-LIS-20270711-20270730,RT,SCL,LIS,LIS,2027-07-11,2027-07-30,mejor,3,brasil,GRU,LATAM,LA 750 · LA 8146,2027-07-11 11:30,2027-07-12 07:10,880,1,3846222,
2026-10-01,RT-SCL-LIS-20270711-20270730,RT,SCL,LIS,LIS,2027-07-11,2027-07-30,otro,0,madrid,MAD,LATAM / Iberia,LA 706 · IB 537,2027-07-11 18:00,2027-07-12 20:05,1265,1,3406416,
2026-10-01,RT-SCL-LIS-20270711-20270730,RT,SCL,LIS,LIS,2027-07-11,2027-07-30,otro,1,brasil,GRU,LATAM,LA 734 · LA 8146,2027-07-11 20:35,2027-07-13 07:10,1775,1,3639609,
2026-10-01,RT-SCL-LIS-20270711-20270730,RT,SCL,LIS,LIS,2027-07-11,2027-07-30,otro,2,madrid,MAD,LATAM / Iberia,LA 706 · IB 533,2027-07-11 18:00,2027-07-12 16:05,1025,1,3645476,
2026-10-01,RT-SCL-LIS-20270711-20270730,RT,SCL,LIS,LIS,2027-07-11,2027-07-30,otro,3,brasil,GRU,LATAM,LA 762 · LA 8146,2027-07-11 07:35,2027-07-12 07:10,1115,1,3758919,
2026-10-01,RT-SCL-LIS-20270711-20270730,RT,SCL,LIS,LIS,2027-07-11,2027-07-30,otro,4,madrid,MAD,LATAM / Air Europa,LA 708 · UX 1155,2027-07-11 15:05,2027-07-12 15:15,1150,1,3762138,
2026-10-01,RT-SCL-LIS-20270711-20270730,RT,SCL,LIS,LIS,2027-07-11,2027-07-30,otro,5,brasil,GRU-IST,Turkish Airlines,TK 216 · TK 216 · TK 1759,2027-07-11 10:05,2027-07-12 15:50,1485,2,4478639,
2026-10-01,RT-SCL-LIS-20270711-20270730,RT,SCL,LIS,LIS,2027-07-11,2027-07-30,otro,6,paris,CDG,Air France,AF 407 · AF 1024,2027-07-11 10:10,2027-07-12 11:15,1205,1,6254609,
2026-10-02,RT-SCL-OPO-20270712-20270731,RT,SCL,OPO,OPO,2027-07-12,2027-07-31,mejor,0,madrid,MAD,Iberia,IB 118 · IB 543,2027-07-12 11:40,2027-07-13 07:40,900,1,3064871,
2026-10-02,RT-SCL-OPO-20270712-20270731,RT,SCL,OPO,OPO,2027-07-12,2027-07-31,mejor,1,madrid,MAD,LATAM / Air Europa,LA 706 · UX 1147,2027-07-12 18:00,2027-07-14 06:45,1905,1,3258465,
2026-10-02,RT-SCL-OPO-20270712-20270731,RT,SCL,OPO,OPO,2027-07-12,2027-07-31,mejor,2,madrid,MAD,LATAM / Iberia,LA 706 · IB 1151,2027-07-12 18:00,2027-07-13 16:00,1020,1,3306423,
2026-10-02,RT-SCL-OPO-20270712-20270731,RT,SCL,OPO,OPO,2027-07-12,2027-07-31,otro,0,madrid,MAD,LATAM / Iberia,LA 706 · IB 543,2027-07-12 18:00,2027-07-14 07:40,1960,1,3264096,
2026-10-02,RT-SCL-OPO-20270712-20270731,RT,SCL,OPO,OPO,2027-07-12,2027-07-31,otro,1,brasil,GRU-IST,Turkish Airlines,TK 216 · TK 216 · TK 1451,2027-07-12 10:05,2027-07-13 15:40,1475,2,4464958,
2026-10-02,RT-SCL-OPO-20270712-20270731,RT,SCL,OPO,OPO,2027-07-12,2027-07-31,otro,2,brasil,GIG,LATAM / Tap Air Portugal,LA 778 · TP 78,2027-07-12 07:15,2027-07-13 10:30,1335,1,5281806,
2026-10-02,RT-SCL-OPO-20270712-20270731,RT,SCL,OPO,OPO,2027-07-12,2027-07-31,otro,3,madrid,MAD-LGW,Iberia / British Airways,IB 118 · IB 1861 · BA 2668,2027-07-12 11:40,2027-07-13 20:05,1645,2,5739465,
2026-10-02,RT-SCL-OPO-20270712-20270731,RT,SCL,OPO,OPO,2027-07-12,2027-07-31,otro,4,brasil,GIG,LATAM / Tap Air Portugal,LA 780 · TP 78,2027-07-12 12:35,2027-07-13 10:30,1015,1,5911984,
2026-10-02,RT-SCL-OPO-20270712-20270731,RT,SCL,OPO,OPO,2027-07-12,2027-07-31,otro,5,paris,CDG,Air France,AF 407 · AF 1528,2027-07-12 10:10,2027-07-13 15:25,1455,1,6802320,
2026-10-02,RT-SCL-OPO-20270712-20270731,RT,SCL,OPO,OPO,2027-07-12,2027-07-31,otro,6,otra,MIA-PHL,American,AA 912 · AA 1284 · AA 1774,2027-07-12 20:35,2027-07-14 08:15,1840,2,7183395,
2026-10-02,RT-SCL-OPO-20270712-20270731,RT,SCL,OPO,OPO,2027-07-12,2027-07-31,otro,7,otra,EZE-AMS,KLM,KL 702 · KL 702 · KL 1573,2027-07-12 10:15,2027-07-13 15:30,1455,2,7729365,
2026-10-02,RT-SCL-LIS-20270712-20270731,RT,SCL,LIS,LIS,2027-07-12,2027-07-31,mejor,0,madrid,MAD,Iberia,IB 118 · IB 529,2027-07-12 11:40,2027-07-13 07:45,905,1,3033774,
2026-10-02,RT-SCL-LIS-20270712-20270731,RT,SCL,LIS,LIS,2027-07-12,2027-07-31,mejor,1,otra,ASU-GRU,LATAM,LA 1304 · LA 8015 · LA 8146,2027-07-12 08:30,2027-07-13 07:10,1060,2,3674358,
2026-10-02,RT-SCL-LIS-20270712-20270731,RT,SCL,LIS,LIS,2027-07-12,2027-07-31,mejor,2,brasil,GRU,LATAM,LA 8155 · LA 8148,2027-07-12 15:50,2027-07-13 12:20,930,1,3864288,
2026-10-02,RT-SCL-LIS-20270712-20270731,RT,SCL,LIS,LIS,2027-07-12,2027-07-31,otro,0,madrid,MAD,LATAM / Iberia,LA 706 · IB 539,2027-07-12 18:00,2027-07-13 23:25,1465,1,3209032,
2026-10-02,RT-SCL-LIS-20270712-20270731,RT,SCL,LIS,LIS,2027-07-12,2027-07-31,otro,1,madrid,MAD,LATAM / Iberia,LA 706 · IB 533,2027-07-12 18:00,2027-07-13 16:05,1025,1,3502268,
2026-10-02,RT-SCL-LIS-20270712-20270731,RT,SCL,LIS,LIS,2027-07-12,2027-07-31,otro,2,brasil,GRU,LATAM,LA 762 · LA 8146,2027-07-12 07:35,2027-07-13 07:10,1115,1,3864288,
2026-10-02,RT-SCL-LIS-20270712-20270731,RT,SCL,LIS,LIS,2027-07-12,2027-07-31,otro,3,brasil,GRU,LATAM,LA 750 · LA 8146,2027-07-12 11:30,2027-07-13 07:10,880,1,3984090,
2026-10-02,RT-SCL-LIS-20270712-20270731,RT,SCL,LIS,LIS,2027-07-12,2027-07-31,otro,4,brasil,GRU,LATAM,LA 8153 · LA 8148,2027-07-12 04:45,2027-07-13 12:20,1595,1,3990624,
2026-10-02,RT-SCL-LIS-20270712-20270731,RT,SCL,LIS,LIS,2027-07-12,2027-07-31,otro,5,brasil,GRU-IST,Turkish Airlines,TK 216 · TK 216 · TK 1759,2027-07-12 10:05,2027-07-13 15:35,1470,2,4828206,
2026-10-02,RT-SCL-LIS-20270712-20270731,RT,SCL,LIS,LIS,2027-07-12,2027-07-31,otro,6,otra,EZE-LHR,British Airways,BA 244 · BA 244 · BA 502,2027-07-12 10:10,2027-07-13 12:55,1305,2,6244121,
2026-10-02,RT-SCL-LIS-20270712-20270731,RT,SCL,LIS,LIS,2027-07-12,2027-07-31,otro,7,paris,CDG,Air France,AF 407 · AF 1024,2027-07-12 10:10,2027-07-13 11:15,1205,1,6524801,
2026-10-02,RT-CCP-OPO-20270712-20270731,RT,CCP,OPO,OPO,2027-07-12,2027-07-31,mejor,0,madrid,SCL-MAD,LATAM / Iberia,LA 4 · LA 706 · IB 549,2027-07-12 07:41,2027-07-13 20:00,1879,2,4398139,
2026-10-02,RT-CCP-OPO-20270712-20270731,RT,CCP,OPO,OPO,2027-07-12,2027-07-31,mejor,1,madrid,SCL-MAD,LATAM / Iberia,LA 14 · IB 118 · IB 543,2027-07-12 20:51,2027-07-14 07:40,1789,2,4770501,
2026-10-02,RT-CCP-OPO-20270712-20270731,RT,CCP,OPO,OPO,2027-07-12,2027-07-31,mejor,2,madrid,SCL-MAD,LATAM / Iberia,LA 4 · IB 118 · IB 543,2027-07-12 07:41,2027-07-13 07:40,1139,2,5496811,
2026-10-02,RT-CCP-OPO-20270712-20270731,RT,CCP,OPO,OPO,2027-07-12,2027-07-31,mejor,3,madrid,SCL-MAD,LATAM / Iberia,LA 16 · LA 706 · IB 1151,2027-07-12 15:16,2027-07-13 16:00,1184,2,5715134,
2026-10-02,RT-CCP-OPO-20270712-20270731,RT,CCP,OPO,OPO,2027-07-12,2027-07-31,otro,0,madrid,SCL-MAD,LATAM / Air Europa,LA 4 · LA 706 · UX 1141,2027-07-12 07:41,2027-07-13 19:20,1839,2,5057298,
2026-10-02,RT-CCP-OPO-20270712-20270731,RT,CCP,OPO,OPO,2027-07-12,2027-07-31,otro,1,madrid,SCL-MAD,LATAM / Air Europa,LA 6 · LA 706 · UX 1141,2027-07-12 14:44,2027-07-13 19:20,1416,2,5358117,
2026-10-02,RT-CCP-OPO-20270712-20270731,RT,CCP,OPO,OPO,2027-07-12,2027-07-31,otro,2,madrid,SCL-MAD,LATAM / Air Europa,LA 16 · LA 706 · UX 1147,2027-07-12 15:16,2027-07-14 06:45,2069,2,5382084,
2026-10-02,RT-CCP-OPO-20270712-20270731,RT,CCP,OPO,OPO,2027-07-12,2027-07-31,otro,3,madrid,SCL-MAD,LATAM / Iberia,LA 16 · LA 706 · IB 549,2027-07-12 15:16,2027-07-13 20:00,1424,2,5480760,
2026-10-02,RT-SCL-OPO-20270711-20270731,RT,SCL,OPO,OPO,2027-07-11,2027-07-31,mejor,0,madrid,MAD,Iberia,IB 118 · IB 543,2027-07-11 11:40,2027-07-12 07:40,900,1,3064871,
2026-10-02,RT-SCL-OPO-20270711-20270731,RT,SCL,OPO,OPO,2027-07-11,2027-07-31,mejor,1,madrid,MAD,Iberia,IB 114 · IB 549,2027-07-11 23:20,2027-07-12 20:00,940,1,3064871,
2026-10-02,RT-SCL-OPO-20270711-20270731,RT,SCL,OPO,OPO,2027-07-11,2027-07-31,mejor,2,madrid,MAD,LATAM / Air Europa,LA 706 · UX 1141,2027-07-11 18:00,2027-07-12 19:20,1220,1,3234498,
2026-10-02,RT-SCL-OPO-20270711-20270731,RT,SCL,OPO,OPO,2027-07-11,2027-07-31,mejor,3,madrid,MAD,LATAM / Iberia,LA 706 · IB 1151,2027-07-11 18:00,2027-07-12 16:00,1020,1,3306423,
2026-10-02,RT-SCL-OPO-20270711-20270731,RT,SCL,OPO,OPO,2027-07-11,2027-07-31,otro,0,madrid,MAD,Iberia,IB 118 · IB 549,2027-07-11 11:40,2027-07-12 20:00,1640,1,3022544,
2026-10-02,RT-SCL-OPO-20270711-20270731,RT,SCL,OPO,OPO,2027-07-11,2027-07-31,otro,1,madrid,MAD,Iberia,IB 114 · IB 545,2027-07-11 23:20,2027-07-13 11:45,1885,1,3022544,
2026-10-02,RT-SCL-OPO-20270711-20270731,RT,SCL,OPO,OPO,2027-07-11,2027-07-31,otro,2,madrid,MAD,LATAM / Iberia,LA 706 · IB 549,2027-07-11 18:00,2027-07-12 20:00,1260,1,3240129,
2026-10-02,RT-SCL-OPO-20270711-20270731,RT,SCL,OPO,OPO,2027-07-11,2027-07-31,otro,3,brasil,GRU-IST,Turkish Airlines,TK 216 · TK 216 · TK 1451,2027-07-11 10:05,2027-07-12 15:40,1475,2,4598396,
2026-10-02,RT-SCL-OPO-20270711-20270731,RT,SCL,OPO,OPO,2027-07-11,2027-07-31,otro,4,madrid,MAD-LGW,Iberia / British Airways,IB 118 · IB 1861 · BA 2668,2027-07-11 11:40,2027-07-12 20:35,1675,2,5739465,
2026-10-02,RT-SCL-OPO-20270711-20270731,RT,SCL,OPO,OPO,2027-07-11,2027-07-31,otro,5,paris,CDG,Air France,AF 407 · AF 1528,2027-07-11 10:10,2027-07-12 15:25,1455,1,6257854,
2026-10-02,RT-SCL-OPO-20270711-20270731,RT,SCL,OPO,OPO,2027-07-11,2027-07-31,otro,6,otra,EZE-AMS,KLM,KL 702 · KL 702 · KL 1573,2027-07-11 10:15,2027-07-12 15:30,1455,2,8113121,
2026-10-02,RT-SCL-LIS-20270711-20270731,RT,SCL,LIS,LIS,2027-07-11,2027-07-31,mejor,0,madrid,MAD,Iberia,IB 118 · IB 1139,2027-07-11 11:40,2027-07-12 07:45,905,1,3033774,
2026-10-02,RT-SCL-LIS-20270711-20270731,RT,SCL,LIS,LIS,2027-07-11,2027-07-31,mejor,1,madrid,MAD,Iberia,IB 114 · IB 537,2027-07-11 23:20,2027-07-12 20:05,945,1,3033774,
2026-10-02,RT-SCL-LIS-20270711-20270731,RT,SCL,LIS,LIS,2027-07-11,2027-07-31,mejor,2,madrid,MAD,LATAM / Iberia,LA 706 · IB 533,2027-07-11 18:00,2027-07-12 16:05,1025,1,3435974,
2026-10-02,RT-SCL-LIS-20270711-20270731,RT,SCL,LIS,LIS,2027-07-11,2027-07-31,mejor,3,otra,ASU-GRU,LATAM,LA 1304 · LA 8015 · LA 8146,2027-07-11 08:30,2027-07-12 07:10,1060,2,3674358,
2026-10-02,RT-SCL-LIS-20270711-20270731,RT,SCL,LIS,LIS,2027-07-11,2027-07-31,mejor,4,brasil,GRU,LATAM,LA 750 · LA 8146,2027-07-11 11:30,2027-07-12 07:10,880,1,3864288,
2026-10-02,RT-SCL-LIS-20270711-20270731,RT,SCL,LIS,LIS,2027-07-11,2027-07-31,otro,0,madrid,MAD,LATAM / Iberia,LA 706 · IB 537,2027-07-11 18:00,2027-07-12 20:05,1265,1,3209032,
2026-10-02,RT-SCL-LIS-20270711-20270731,RT,SCL,LIS,LIS,2027-07-11,2027-07-31,otro,1,madrid,MAD,LATAM / Air Europa,LA 706 · UX 1157,2027-07-11 18:00,2027-07-12 19:15,1215,1,3809877,
2026-10-02,RT-SCL-LIS-20270711-20270731,RT,SCL,LIS,LIS,2027-07-11,2027-07-31,otro,2,brasil,GRU-IST,Turkish Airlines,TK 216 · TK 216 · TK 1759,2027-07-11 10:05,2027-07-12 15:50,1485,2,4962618,
2026-10-02,RT-SCL-LIS-20270711-20270731,RT,SCL,LIS,LIS,2027-07-11,2027-07-31,otro,3,paris,CDG,Air France,AF 407 · AF 1024,2027-07-11 10:10,2027-07-12 11:15,1205,1,6280327,
2026-10-02,RT-SCL-OPO-20270711-20270801,RT,SCL,OPO,OPO,2027-07-11,2027-08-01,otro,0,madrid,MAD,Iberia,IB 118 · IB 543,2027-07-11 11:40,2027-07-12 07:40,900,1,2885039,"Vuelta verificada: IB 544 · IB 113, sale 2027-08-01 08:20, llega 2027-08-01 21:40"
2026-10-03,RT-SCL-OPO-20270712-20270731,RT,SCL,OPO,OPO,2027-07-12,2027-07-31,mejor,0,madrid,MAD,Iberia,IB 118 · IB 543,2027-07-12 11:40,2027-07-13 07:40,900,1,3079288,
2026-10-03,RT-SCL-OPO-20270712-20270731,RT,SCL,OPO,OPO,2027-07-12,2027-07-31,mejor,1,madrid,MAD,LATAM / Air Europa,LA 706 · UX 1147,2027-07-12 18:00,2027-07-14 06:45,1905,1,3273441,
2026-10-03,RT-SCL-OPO-20270712-20270731,RT,SCL,OPO,OPO,2027-07-12,2027-07-31,mejor,2,madrid,MAD,LATAM / Iberia,LA 706 · IB 1151,2027-07-12 18:00,2027-07-13 16:00,1020,1,3322080,
2026-10-03,RT-SCL-OPO-20270712-20270731,RT,SCL,OPO,OPO,2027-07-12,2027-07-31,otro,0,madrid,MAD,LATAM / Iberia,LA 706 · IB 543,2027-07-12 18:00,2027-07-14 07:40,1960,1,3279765,
2026-10-03,RT-SCL-OPO-20270712-20270731,RT,SCL,OPO,OPO,2027-07-12,2027-07-31,otro,1,brasil,GRU-IST,Turkish Airlines,TK 216 · TK 216 · TK 1451,2027-07-12 10:05,2027-07-13 15:40,1475,2,4487102,
2026-10-03,RT-SCL-OPO-20270712-20270731,RT,SCL,OPO,OPO,2027-07-12,2027-07-31,otro,2,lima,LIM-YUL,LATAM / Air Canada,LA 2444 · AC 89 · AC 928,2027-07-12 21:55,2027-07-14 08:30,1775,2,4841639,
2026-10-03,RT-SCL-OPO-20270712-20270731,RT,SCL,OPO,OPO,2027-07-12,2027-07-31,otro,3,otra,BOG-YUL,Avianca / Air Canada,AV 240 · AC 99 · AC 928,2027-07-12 00:30,2027-07-14 08:30,3060,2,5091386,
2026-10-03,RT-SCL-OPO-20270712-20270731,RT,SCL,OPO,OPO,2027-07-12,2027-07-31,otro,4,brasil,GIG,LATAM / Tap Air Portugal,LA 778 · TP 78,2027-07-12 07:15,2027-07-13 10:30,1335,1,5308392,
2026-10-03,RT-SCL-OPO-20270712-20270731,RT,SCL,OPO,OPO,2027-07-12,2027-07-31,otro,5,brasil,GIG,LATAM / Tap Air Portugal,LA 780 · TP 78,2027-07-12 12:35,2027-07-13 10:30,1015,1,5941805,
2026-10-03,RT-SCL-OPO-20270712-20270731,RT,SCL,OPO,OPO,2027-07-12,2027-07-31,otro,6,paris,CDG,Air France,AF 407 · AF 1528,2027-07-12 10:10,2027-07-13 15:25,1455,1,6836181,
2026-10-03,RT-SCL-LIS-20270712-20270731,RT,SCL,LIS,LIS,2027-07-12,2027-07-31,mejor,0,madrid,MAD,Iberia,IB 118 · IB 529,2027-07-12 11:40,2027-07-13 07:45,905,1,3047910,
2026-10-03,RT-SCL-LIS-20270712-20270731,RT,SCL,LIS,LIS,2027-07-12,2027-07-31,mejor,1,otra,ASU-GRU,LATAM,LA 1304 · LA 8015 · LA 8146,2027-07-12 08:30,2027-07-13 07:10,1060,2,3692517,
2026-10-03,RT-SCL-LIS-20270712-20270731,RT,SCL,LIS,LIS,2027-07-12,2027-07-31,mejor,2,brasil,GRU,LATAM,LA 8155 · LA 8148,2027-07-12 15:50,2027-07-13 12:20,930,1,3883422,
2026-10-03,RT-SCL-LIS-20270712-20270731,RT,SCL,LIS,LIS,2027-07-12,2027-07-31,otro,0,madrid,MAD,LATAM / Iberia,LA 706 · IB 539,2027-07-12 18:00,2027-07-13 23:25,1465,1,3224426,
2026-10-03,RT-SCL-LIS-20270712-20270731,RT,SCL,LIS,LIS,2027-07-12,2027-07-31,otro,1,madrid,MAD,LATAM / Iberia,LA 706 · IB 533,2027-07-12 18:00,2027-07-13 16:05,1025,1,3518809,
2026-10-03,RT-SCL-LIS-20270712-20270731,RT,SCL,LIS,LIS,2027-07-12,2027-07-31,otro,2,madrid,MAD,LATAM / Air Europa,LA 706 · UX 1157,2027-07-12 18:00,2027-07-13 19:15,1215,1,3827784,
2026-10-03,RT-SCL-LIS-20270712-20270731,RT,SCL,LIS,LIS,2027-07-12,2027-07-31,otro,3,brasil,GRU,LATAM,LA 762 · LA 8146,2027-07-12 07:35,2027-07-13 07:10,1115,1,3883422,
2026-10-03,RT-SCL-LIS-20270712-20270731,RT,SCL,LIS,LIS,2027-07-12,2027-07-31,otro,4,brasil,GRU,LATAM,LA 750 · LA 8146,2027-07-12 11:30,2027-07-13 07:10,880,1,4003839,
2026-10-03,RT-SCL-LIS-20270712-20270731,RT,SCL,LIS,LIS,2027-07-12,2027-07-31,otro,5,brasil,GRU-IST,Turkish Airlines,TK 216 · TK 216 · TK 1759,2027-07-12 10:05,2027-07-13 15:35,1470,2,4852038,
2026-10-03,RT-SCL-LIS-20270712-20270731,RT,SCL,LIS,LIS,2027-07-12,2027-07-31,otro,6,otra,EZE-LHR,British Airways,BA 244 · BA 244 · BA 502,2027-07-12 10:10,2027-07-13 12:55,1305,2,5221287,
2026-10-03,RT-SCL-LIS-20270712-20270731,RT,SCL,LIS,LIS,2027-07-12,2027-07-31,otro,7,paris,CDG,Air France,AF 407 · AF 1024,2027-07-12 10:10,2027-07-13 11:15,1205,1,6557116,
2026-10-03,RT-CCP-OPO-20270712-20270731,RT,CCP,OPO,OPO,2027-07-12,2027-07-31,mejor,0,madrid,SCL-MAD,LATAM / Iberia,LA 4 · LA 706 · IB 549,2027-07-12 07:41,2027-07-13 20:00,1879,2,4419680,
2026-10-03,RT-CCP-OPO-20270712-20270731,RT,CCP,OPO,OPO,2027-07-12,2027-07-31,mejor,1,madrid,SCL-MAD,LATAM / Iberia,LA 14 · IB 118 · IB 543,2027-07-12 20:51,2027-07-14 07:40,1789,2,4793952,
2026-10-03,RT-CCP-OPO-20270712-20270731,RT,CCP,OPO,OPO,2027-07-12,2027-07-31,mejor,2,madrid,SCL-MAD,LATAM / Iberia,LA 4 · IB 118 · IB 543,2027-07-12 07:41,2027-07-13 07:40,1139,2,5523992,
2026-10-03,RT-CCP-OPO-20270712-20270731,RT,CCP,OPO,OPO,2027-07-12,2027-07-31,mejor,3,madrid,SCL-MAD,LATAM / Iberia,LA 16 · LA 706 · IB 1151,2027-07-12 15:16,2027-07-13 16:00,1184,2,5743435,
2026-10-03,RT-CCP-OPO-20270712-20270731,RT,CCP,OPO,OPO,2027-07-12,2027-07-31,otro,0,madrid,SCL-MAD,LATAM / Air Europa,LA 4 · LA 706 · UX 1141,2027-07-12 07:41,2027-07-13 19:20,1839,2,5172375,
2026-10-03,RT-CCP-OPO-20270712-20270731,RT,CCP,OPO,OPO,2027-07-12,2027-07-31,otro,1,madrid,SCL-MAD,LATAM / Air Europa,LA 6 · LA 706 · UX 1141,2027-07-12 14:44,2027-07-13 19:20,1416,2,5384583,
2026-10-03,RT-CCP-OPO-20270712-20270731,RT,CCP,OPO,OPO,2027-07-12,2027-07-31,otro,2,madrid,SCL-MAD,LATAM / Air Europa,LA 16 · LA 706 · UX 1147,2027-07-12 15:16,2027-07-14 06:45,2069,2,5408544,
2026-10-03,RT-CCP-OPO-20270712-20270731,RT,CCP,OPO,OPO,2027-07-12,2027-07-31,otro,3,madrid,SCL-MAD,LATAM / Iberia,LA 16 · LA 706 · IB 549,2027-07-12 15:16,2027-07-13 20:00,1424,2,5507193,
2026-10-03,RT-SCL-LIS-20270711-20270801,RT,SCL,LIS,LIS,2027-07-11,2027-08-01,mejor,0,madrid,MAD,Iberia,IB 118 · IB 1139,2027-07-11 11:40,2027-07-12 07:45,905,1,2867682,"Vuelta verificada: IB 540 · IB 113, sale 2027-08-01 06:35, llega 2027-08-01 21:40"
2026-10-03,RT-SCL-OPO-20270712-20270729,RT,SCL,OPO,OPO,2027-07-12,2027-07-29,mejor,0,madrid,MAD,Iberia,IB 118 · IB 543,2027-07-12 11:40,2027-07-13 07:40,900,1,2899060,
2026-10-03,RT-SCL-OPO-20270712-20270729,RT,SCL,OPO,OPO,2027-07-12,2027-07-29,mejor,1,madrid,MAD,LATAM / Iberia,LA 706 · IB 1151,2027-07-12 18:00,2027-07-13 16:00,1020,1,3141852,
2026-10-03,RT-SCL-OPO-20270712-20270729,RT,SCL,OPO,OPO,2027-07-12,2027-07-29,mejor,2,otra,MVD-MAD,LATAM / Iberia,LA 410 · IB 170 · IB 549,2027-07-12 15:35,2027-07-13 20:00,1405,2,3378633,
2026-10-03,RT-SCL-OPO-20270712-20270729,RT,SCL,OPO,OPO,2027-07-12,2027-07-29,mejor,3,madrid,MAD,LATAM / Air Europa,LA 706 · UX 1141,2027-07-12 18:00,2027-07-13 19:20,1220,1,3826467,
2026-10-03,RT-SCL-OPO-20270712-20270729,RT,SCL,OPO,OPO,2027-07-12,2027-07-29,otro,0,madrid,MAD,LATAM / Air Europa,LA 706 · UX 1147,2027-07-12 18:00,2027-07-14 06:45,1905,1,3473748,
2026-10-03,RT-SCL-OPO-20270712-20270729,RT,SCL,OPO,OPO,2027-07-12,2027-07-29,otro,1,brasil,GRU-IST,Turkish Airlines,TK 216 · TK 216 · TK 1451,2027-07-12 10:05,2027-07-13 15:40,1475,2,4352000,
2026-10-03,RT-SCL-OPO-20270712-20270729,RT,SCL,OPO,OPO,2027-07-12,2027-07-29,otro,2,madrid,MAD-LGW,Iberia / British Airways,IB 118 · IB 1861 · BA 2668,2027-07-12 11:40,2027-07-13 20:05,1645,2,5077921,
2026-10-03,RT-SCL-OPO-20270712-20270729,RT,SCL,OPO,OPO,2027-07-12,2027-07-29,otro,3,brasil,GIG,LATAM / Tap Air Portugal,LA 778 · TP 78,2027-07-12 07:15,2027-07-13 10:30,1335,1,5308392,
2026-10-03,RT-SCL-OPO-20270712-20270729,RT,SCL,OPO,OPO,2027-07-12,2027-07-29,otro,4,brasil,GIG,LATAM / Tap Air Portugal,LA 780 · TP 78,2027-07-12 12:35,2027-07-13 10:30,1015,1,5941805,
2026-10-03,RT-SCL-OPO-20270712-20270729,RT,SCL,OPO,OPO,2027-07-12,2027-07-29,otro,5,lima,LIM-YUL,LATAM / Air Canada,LA 2444 · AC 89 · AC 928,2027-07-12 21:55,2027-07-14 08:30,1775,2,5962741,
2026-10-03,RT-SCL-OPO-20270712-20270729,RT,SCL,OPO,OPO,2027-07-12,2027-07-29,otro,6,paris,CDG,Air France,AF 407 · AF 1528,2027-07-12 10:10,2027-07-13 15:25,1455,1,6289899,
2026-10-03,RT-SCL-OPO-20270712-20270729,RT,SCL,OPO,OPO,2027-07-12,2027-07-29,otro,7,otra,EZE-AMS,KLM,KL 702 · KL 702 · KL 1575,2027-07-12 10:15,2027-07-13 18:10,1615,2,6833838,
2026-10-03,RT-SCL-LIS-20270712-20270729,RT,SCL,LIS,LIS,2027-07-12,2027-07-29,mejor,0,madrid,MAD,Iberia,IB 118 · IB 529,2027-07-12 11:40,2027-07-13 07:45,905,1,2867682,
2026-10-03,RT-SCL-LIS-20270712-20270729,RT,SCL,LIS,LIS,2027-07-12,2027-07-29,mejor,1,madrid,MAD,LATAM / Iberia,LA 706 · IB 539,2027-07-12 18:00,2027-07-13 23:25,1465,1,3110474,
2026-10-03,RT-SCL-LIS-20270712-20270729,RT,SCL,LIS,LIS,2027-07-12,2027-07-29,mejor,2,madrid,MAD,LATAM / Iberia,LA 706 · IB 533,2027-07-12 18:00,2027-07-13 16:05,1025,1,3338581,
2026-10-03,RT-SCL-LIS-20270712-20270729,RT,SCL,LIS,LIS,2027-07-12,2027-07-29,mejor,3,otra,ASU-GRU,LATAM,LA 1304 · LA 8015 · LA 8146,2027-07-12 08:30,2027-07-13 07:10,1060,2,3690267,
2026-10-03,RT-SCL-LIS-20270712-20270729,RT,SCL,LIS,LIS,2027-07-12,2027-07-29,mejor,4,brasil,GRU,LATAM,LA 8155 · LA 8148,2027-07-12 15:50,2027-07-13 12:20,930,1,3881172,
2026-10-03,RT-SCL-LIS-20270712-20270729,RT,SCL,LIS,LIS,2027-07-12,2027-07-29,otro,0,brasil,GRU,LATAM,LA 762 · LA 8146,2027-07-12 07:35,2027-07-13 07:10,1115,1,3881172,
2026-10-03,RT-SCL-LIS-20270712-20270729,RT,SCL,LIS,LIS,2027-07-12,2027-07-29,otro,1,otra,EZE-LHR,British Airways,BA 244 · BA 244 · BA 502,2027-07-12 10:10,2027-07-13 12:55,1305,2,4237624,
2026-10-03,RT-SCL-LIS-20270712-20270729,RT,SCL,LIS,LIS,2027-07-12,2027-07-29,otro,2,brasil,GRU-IST,Turkish Airlines,TK 216 · TK 216 · TK 1759,2027-07-12 10:05,2027-07-13 15:35,1470,2,4540716,
2026-10-03,RT-SCL-LIS-20270712-20270729,RT,SCL,LIS,LIS,2027-07-12,2027-07-29,otro,3,paris,CDG,Air France,AF 407 · AF 1024,2027-07-12 10:10,2027-07-13 11:15,1205,1,5626087,
2026-10-04,RT-SCL-OPO-20270712-20270731,RT,SCL,OPO,OPO,2027-07-12,2027-07-31,mejor,0,madrid,MAD,Iberia,IB 118 · IB 543,2027-07-12 11:40,2027-07-13 07:40,900,1,3079288,
2026-10-04,RT-SCL-OPO-20270712-20270731,RT,SCL,OPO,OPO,2027-07-12,2027-07-31,mejor,1,madrid,MAD,LATAM / Air Europa,LA 706 · UX 1147,2027-07-12 18:00,2027-07-14 06:45,1905,1,3273441,
2026-10-04,RT-SCL-OPO-20270712-20270731,RT,SCL,OPO,OPO,2027-07-12,2027-07-31,mejor,2,madrid,MAD,LATAM / Iberia,LA 706 · IB 1151,2027-07-12 18:00,2027-07-13 16:00,1020,1,3322080,
2026-10-04,RT-SCL-OPO-20270712-20270731,RT,SCL,OPO,OPO,2027-07-12,2027-07-31,otro,0,madrid,MAD,LATAM / Iberia,LA 706 · IB 543,2027-07-12 18:00,2027-07-14 07:40,1960,1,3279765,
2026-10-04,RT-SCL-OPO-20270712-20270731,RT,SCL,OPO,OPO,2027-07-12,2027-07-31,otro,1,brasil,GRU-IST,Turkish Airlines,TK 216 · TK 216 · TK 1451,2027-07-12 10:05,2027-07-13 15:40,1475,2,4487102,
2026-10-04,RT-SCL-OPO-20270712-20270731,RT,SCL,OPO,OPO,2027-07-12,2027-07-31,otro,2,lima,LIM-YUL,LATAM / Air Canada,LA 2444 · AC 89 · AC 928,2027-07-12 21:55,2027-07-14 08:30,1775,2,4841639,
2026-10-04,RT-SCL-OPO-20270712-20270731,RT,SCL,OPO,OPO,2027-07-12,2027-07-31,otro,3,otra,BOG-YUL,Avianca / Air Canada,AV 240 · AC 99 · AC 928,2027-07-12 00:30,2027-07-14 08:30,3060,2,5091386,
2026-10-04,RT-SCL-OPO-20270712-20270731,RT,SCL,OPO,OPO,2027-07-12,2027-07-31,otro,4,brasil,GIG,LATAM / Tap Air Portugal,LA 778 · TP 78,2027-07-12 07:15,2027-07-13 10:30,1335,1,5308392,
2026-10-04,RT-SCL-OPO-20270712-20270731,RT,SCL,OPO,OPO,2027-07-12,2027-07-31,otro,5,brasil,GIG,LATAM / Tap Air Portugal,LA 780 · TP 78,2027-07-12 12:35,2027-07-13 10:30,1015,1,5941805,
2026-10-04,RT-SCL-OPO-20270712-20270731,RT,SCL,OPO,OPO,2027-07-12,2027-07-31,otro,6,paris,CDG,Air France,AF 407 · AF 1528,2027-07-12 10:10,2027-07-13 15:25,1455,1,6836181,
2026-10-04,RT-SCL-OPO-20270712-20270731,RT,SCL,OPO,OPO,2027-07-12,2027-07-31,otro,7,otra,EZE-AMS,KLM,KL 702 · KL 702 · KL 1573,2027-07-12 10:15,2027-07-13 15:30,1455,2,6925023,
2026-10-04,RT-SCL-LIS-20270712-20270731,RT,SCL,LIS,LIS,2027-07-12,2027-07-31,mejor,0,madrid,MAD,Iberia,IB 118 · IB 529,2027-07-12 11:40,2027-07-13 07:45,905,1,3047910,
2026-10-04,RT-SCL-LIS-20270712-20270731,RT,SCL,LIS,LIS,2027-07-12,2027-07-31,mejor,1,otra,ASU-GRU,LATAM,LA 1304 · LA 8015 · LA 8146,2027-07-12 08:30,2027-07-13 07:10,1060,2,3692517,
2026-10-04,RT-SCL-LIS-20270712-20270731,RT,SCL,LIS,LIS,2027-07-12,2027-07-31,mejor,2,brasil,GRU,LATAM,LA 8155 · LA 8148,2027-07-12 15:50,2027-07-13 12:20,930,1,3883422,
2026-10-04,RT-SCL-LIS-20270712-20270731,RT,SCL,LIS,LIS,2027-07-12,2027-07-31,otro,0,madrid,MAD,LATAM / Iberia,LA 706 · IB 539,2027-07-12 18:00,2027-07-13 23:25,1465,1,3224426,
2026-10-04,RT-SCL-LIS-20270712-20270731,RT,SCL,LIS,LIS,2027-07-12,2027-07-31,otro,1,madrid,MAD,LATAM / Iberia,LA 706 · IB 533,2027-07-12 18:00,2027-07-13 16:05,1025,1,3518809,
2026-10-04,RT-SCL-LIS-20270712-20270731,RT,SCL,LIS,LIS,2027-07-12,2027-07-31,otro,2,madrid,MAD,LATAM / Air Europa,LA 706 · UX 1157,2027-07-12 18:00,2027-07-13 19:15,1215,1,3827784,
2026-10-04,RT-SCL-LIS-20270712-20270731,RT,SCL,LIS,LIS,2027-07-12,2027-07-31,otro,3,brasil,GRU,LATAM,LA 762 · LA 8146,2027-07-12 07:35,2027-07-13 07:10,1115,1,3883422,
2026-10-04,RT-SCL-LIS-20270712-20270731,RT,SCL,LIS,LIS,2027-07-12,2027-07-31,otro,4,brasil,GRU,LATAM,LA 750 · LA 8146,2027-07-12 11:30,2027-07-13 07:10,880,1,4003839,
2026-10-04,RT-SCL-LIS-20270712-20270731,RT,SCL,LIS,LIS,2027-07-12,2027-07-31,otro,5,brasil,GRU-IST,Turkish Airlines,TK 216 · TK 216 · TK 1759,2027-07-12 10:05,2027-07-13 15:35,1470,2,4852038,
2026-10-04,RT-SCL-LIS-20270712-20270731,RT,SCL,LIS,LIS,2027-07-12,2027-07-31,otro,6,otra,EZE-LHR,British Airways,BA 244 · BA 244 · BA 502,2027-07-12 10:10,2027-07-13 12:55,1305,2,5221287,
2026-10-04,RT-SCL-LIS-20270712-20270731,RT,SCL,LIS,LIS,2027-07-12,2027-07-31,otro,7,paris,CDG,Air France,AF 407 · AF 1024,2027-07-12 10:10,2027-07-13 11:15,1205,1,6557116,
2026-10-04,RT-CCP-OPO-20270712-20270731,RT,CCP,OPO,OPO,2027-07-12,2027-07-31,mejor,0,madrid,SCL-MAD,LATAM / Iberia,LA 4 · LA 706 · IB 549,2027-07-12 07:41,2027-07-13 20:00,1879,2,4419680,
2026-10-04,RT-CCP-OPO-20270712-20270731,RT,CCP,OPO,OPO,2027-07-12,2027-07-31,mejor,1,madrid,SCL-MAD,LATAM / Iberia,LA 14 · IB 118 · IB 543,2027-07-12 20:51,2027-07-14 07:40,1789,2,4793952,
2026-10-04,RT-CCP-OPO-20270712-20270731,RT,CCP,OPO,OPO,2027-07-12,2027-07-31,mejor,2,madrid,SCL-MAD,LATAM / Iberia,LA 4 · IB 118 · IB 543,2027-07-12 07:41,2027-07-13 07:40,1139,2,5523992,
2026-10-04,RT-CCP-OPO-20270712-20270731,RT,CCP,OPO,OPO,2027-07-12,2027-07-31,mejor,3,madrid,SCL-MAD,LATAM / Iberia,LA 16 · LA 706 · IB 1151,2027-07-12 15:16,2027-07-13 16:00,1184,2,5743435,
2026-10-04,RT-CCP-OPO-20270712-20270731,RT,CCP,OPO,OPO,2027-07-12,2027-07-31,otro,0,madrid,SCL-MAD,LATAM / Air Europa,LA 4 · LA 706 · UX 1141,2027-07-12 07:41,2027-07-13 19:20,1839,2,5172375,
2026-10-04,RT-CCP-OPO-20270712-20270731,RT,CCP,OPO,OPO,2027-07-12,2027-07-31,otro,1,madrid,SCL-MAD,LATAM / Air Europa,LA 6 · LA 706 · UX 1141,2027-07-12 14:44,2027-07-13 19:20,1416,2,5384583,
2026-10-04,RT-CCP-OPO-20270712-20270731,RT,CCP,OPO,OPO,2027-07-12,2027-07-31,otro,2,brasil,SCL-GRU-BCN,LATAM / Vueling,LA 4 · LA 750 · LA 8114 · VY 1214,2027-07-12 07:41,2027-07-13 14:15,1534,3,5426265,
2026-10-04,RT-CCP-OPO-20270712-20270731,RT,CCP,OPO,OPO,2027-07-12,2027-07-31,otro,3,madrid,SCL-MAD,LATAM / Iberia,LA 16 · LA 706 · IB 549,2027-07-12 15:16,2027-07-13 20:00,1424,2,5538909,
2026-10-04,RT-SCL-OPO-20270712-20270730,RT,SCL,OPO,OPO,2027-07-12,2027-07-30,mejor,0,madrid,MAD,Iberia,IB 118 · IB 543,2027-07-12 11:40,2027-07-13 07:40,900,1,2991163,
2026-10-04,RT-SCL-OPO-20270712-20270730,RT,SCL,OPO,OPO,2027-07-12,2027-07-30,mejor,1,madrid,MAD,LATAM / Iberia,LA 706 · IB 1151,2027-07-12 18:00,2027-07-13 16:00,1020,1,3232976,
2026-10-04,RT-SCL-OPO-20270712-20270730,RT,SCL,OPO,OPO,2027-07-12,2027-07-30,mejor,2,otra,MVD-MAD,LATAM / Iberia,LA 410 · IB 170 · IB 549,2027-07-12 15:35,2027-07-13 20:00,1405,2,3397458,
2026-10-04,RT-SCL-OPO-20270712-20270730,RT,SCL,OPO,OPO,2027-07-12,2027-07-30,mejor,3,madrid,MAD,LATAM / Air Europa,LA 706 · UX 1141,2027-07-12 18:00,2027-07-13 19:20,1220,1,3858183,
2026-10-04,RT-SCL-OPO-20270712-20270730,RT,SCL,OPO,OPO,2027-07-12,2027-07-30,otro,0,madrid,MAD,LATAM / Air Europa,LA 706 · UX 1147,2027-07-12 18:00,2027-07-14 06:45,1905,1,3652314,
2026-10-04,RT-SCL-OPO-20270712-20270730,RT,SCL,OPO,OPO,2027-07-12,2027-07-30,otro,1,lima,LIM-YUL,LATAM / Air Canada,LA 2444 · AC 89 · AC 928,2027-07-12 21:55,2027-07-14 08:30,1775,2,3896563,
2026-10-04,RT-SCL-OPO-20270712-20270730,RT,SCL,OPO,OPO,2027-07-12,2027-07-30,otro,2,brasil,GRU-BCN,LATAM / Vueling,LA 750 · LA 8114 · VY 1214,2027-07-12 11:30,2027-07-13 14:15,1305,2,4200186,
2026-10-04,RT-SCL-OPO-20270712-20270730,RT,SCL,OPO,OPO,2027-07-12,2027-07-30,otro,3,brasil,GRU-IST,Turkish Airlines,TK 216 · TK 216 · TK 1451,2027-07-12 10:05,2027-07-13 15:40,1475,2,4352000,
2026-10-04,RT-SCL-OPO-20270712-20270730,RT,SCL,OPO,OPO,2027-07-12,2027-07-30,otro,4,otra,EZE-LHR,British Airways,BA 244 · BA 244 · BA 2668,2027-07-12 10:10,2027-07-13 20:05,1735,2,4606927,
2026-10-04,RT-SCL-OPO-20270712-20270730,RT,SCL,OPO,OPO,2027-07-12,2027-07-30,otro,5,brasil,GIG,LATAM / Tap Air Portugal,LA 778 · TP 78,2027-07-12 07:15,2027-07-13 10:30,1335,1,5308392,
2026-10-04,RT-SCL-OPO-20270712-20270730,RT,SCL,OPO,OPO,2027-07-12,2027-07-30,otro,6,brasil,GIG-LIS,LATAM / Tap Air Portugal,LA 780 · TP 72 · TP 1928,2027-07-12 12:35,2027-07-13 15:00,1285,2,5816356,
2026-10-04,RT-SCL-OPO-20270712-20270730,RT,SCL,OPO,OPO,2027-07-12,2027-07-30,otro,7,brasil,GIG,LATAM / Tap Air Portugal,LA 780 · TP 78,2027-07-12 12:35,2027-07-13 10:30,1015,1,5941805,
2026-10-04,RT-SCL-OPO-20270712-20270730,RT,SCL,OPO,OPO,2027-07-12,2027-07-30,otro,8,paris,CDG,Air France,AF 407 · AF 1528,2027-07-12 10:10,2027-07-13 15:25,1455,1,6289899,
2026-10-04,RT-SCL-OPO-20270712-20270730,RT,SCL,OPO,OPO,2027-07-12,2027-07-30,otro,9,otra,EZE-AMS,KLM,KL 702 · KL 702 · KL 1573,2027-07-12 10:15,2027-07-13 15:30,1455,2,6833838,
2026-10-04,RT-SCL-LIS-20270712-20270730,RT,SCL,LIS,LIS,2027-07-12,2027-07-30,mejor,0,madrid,MAD,Iberia,IB 118 · IB 529,2027-07-12 11:40,2027-07-13 07:45,905,1,3207472,
2026-10-04,RT-SCL-LIS-20270712-20270730,RT,SCL,LIS,LIS,2027-07-12,2027-07-30,mejor,1,madrid,MAD,LATAM / Iberia,LA 706 · IB 533,2027-07-12 18:00,2027-07-13 16:05,1025,1,3678371,
2026-10-04,RT-SCL-LIS-20270712-20270730,RT,SCL,LIS,LIS,2027-07-12,2027-07-30,mejor,2,otra,ASU-GRU,LATAM,LA 1304 · LA 8015 · LA 8146,2027-07-12 08:30,2027-07-13 07:10,1060,2,3690267,
2026-10-04,RT-SCL-LIS-20270712-20270730,RT,SCL,LIS,LIS,2027-07-12,2027-07-30,mejor,3,brasil,GRU,LATAM,LA 8155 · LA 8148,2027-07-12 15:50,2027-07-13 12:20,930,1,3881172,
2026-10-04,RT-SCL-LIS-20270712-20270730,RT,SCL,LIS,LIS,2027-07-12,2027-07-30,otro,0,madrid,MAD,LATAM / Iberia,LA 706 · IB 539,2027-07-12 18:00,2027-07-13 23:25,1465,1,3450264,
2026-10-04,RT-SCL-LIS-20270712-20270730,RT,SCL,LIS,LIS,2027-07-12,2027-07-30,otro,1,brasil,GRU,LATAM,LA 754 · LA 8148,2027-07-12 14:10,2027-07-13 12:20,1030,1,3792168,
2026-10-04,RT-SCL-LIS-20270712-20270730,RT,SCL,LIS,LIS,2027-07-12,2027-07-30,otro,2,brasil,GRU,LATAM,LA 762 · LA 8146,2027-07-12 07:35,2027-07-13 07:10,1115,1,3881172,
2026-10-04,RT-SCL-LIS-20270712-20270730,RT,SCL,LIS,LIS,2027-07-12,2027-07-30,otro,3,brasil,GRU,LATAM,LA 750 · LA 8146,2027-07-12 11:30,2027-07-13 07:10,880,1,4001589,
2026-10-04,RT-SCL-LIS-20270712-20270730,RT,SCL,LIS,LIS,2027-07-12,2027-07-30,otro,4,brasil,GRU-IST,Turkish Airlines,TK 216 · TK 216 · TK 1759,2027-07-12 10:05,2027-07-13 15:35,1470,2,4384076,
2026-10-04,RT-SCL-LIS-20270712-20270730,RT,SCL,LIS,LIS,2027-07-12,2027-07-30,otro,5,otra,EZE-LHR,British Airways,BA 244 · BA 244 · BA 502,2027-07-12 10:10,2027-07-13 12:55,1305,2,5221287,
2026-10-04,RT-SCL-LIS-20270712-20270730,RT,SCL,LIS,LIS,2027-07-12,2027-07-30,otro,6,paris,CDG,Air France,AF 407 · AF 1024,2027-07-12 10:10,2027-07-13 11:15,1205,1,6557116,
2026-10-04,RT-SCL-OPO-20270712-20270801,RT,SCL,OPO,OPO,2027-07-12,2027-08-01,otro,0,madrid,MAD,Iberia,IB 118 · IB 543,2027-07-12 11:40,2027-07-13 07:40,900,1,2899060,"Vuelta verificada: IB 544 · IB 113, sale 2027-08-01 08:20, llega 2027-08-01 21:40"
2026-10-05,RT-SCL-OPO-20270712-20270731,RT,SCL,OPO,OPO,2027-07-12,2027-07-31,mejor,0,madrid,MAD,Iberia,IB 118 · IB 543,2027-07-12 11:40,2027-07-13 07:40,900,1,2866845,
2026-10-05,RT-SCL-OPO-20270712-20270731,RT,SCL,OPO,OPO,2027-07-12,2027-07-31,mejor,1,madrid,MAD,LATAM / Iberia,LA 706 · IB 1151,2027-07-12 18:00,2027-07-13 16:00,1020,1,3255804,
2026-10-05,RT-SCL-OPO-20270712-20270731,RT,SCL,OPO,OPO,2027-07-12,2027-07-31,mejor,2,madrid,MAD,LATAM / Air Europa,LA 706 · UX 1147,2027-07-12 18:00,2027-07-14 06:45,1905,1,3273441,
2026-10-05,RT-SCL-OPO-20270712-20270731,RT,SCL,OPO,OPO,2027-07-12,2027-07-31,otro,0,brasil,GRU-IST,Turkish Airlines,TK 216 · TK 216 · TK 1451,2027-07-12 10:05,2027-07-13 15:40,1475,2,4487102,
2026-10-05,RT-SCL-OPO-20270712-20270731,RT,SCL,OPO,OPO,2027-07-12,2027-07-31,otro,1,lima,LIM-YUL,LATAM / Air Canada,LA 2444 · AC 89 · AC 928,2027-07-12 21:55,2027-07-14 08:30,1775,2,4841639,
2026-10-05,RT-SCL-OPO-20270712-20270731,RT,SCL,OPO,OPO,2027-07-12,2027-07-31,otro,2,otra,BOG-YUL,Avianca / Air Canada,AV 240 · AC 99 · AC 928,2027-07-12 00:30,2027-07-14 08:30,3060,2,5070308,
2026-10-05,RT-SCL-OPO-20270712-20270731,RT,SCL,OPO,OPO,2027-07-12,2027-07-31,otro,3,brasil,GIG,LATAM / Tap Air Portugal,LA 778 · TP 78,2027-07-12 07:15,2027-07-13 10:30,1335,1,5308392,
2026-10-05,RT-SCL-OPO-20270712-20270731,RT,SCL,OPO,OPO,2027-07-12,2027-07-31,otro,4,brasil,GIG,LATAM / Tap Air Portugal,LA 780 · TP 78,2027-07-12 12:35,2027-07-13 10:30,1015,1,5941805,
2026-10-05,RT-SCL-OPO-20270712-20270731,RT,SCL,OPO,OPO,2027-07-12,2027-07-31,otro,5,paris,CDG,Air France,AF 407 · AF 1528,2027-07-12 10:10,2027-07-13 15:25,1455,1,6836181,
2026-10-05,RT-SCL-OPO-20270712-20270731,RT,SCL,OPO,OPO,2027-07-12,2027-07-31,otro,6,otra,MIA-PHL,American,AA 912 · AA 1284 · AA 576,2027-07-12 20:35,2027-07-14 08:15,1840,2,7219746,
2026-10-05,RT-SCL-LIS-20270712-20270731,RT,SCL,LIS,LIS,2027-07-12,2027-07-31,mejor,0,madrid,MAD,Iberia,IB 118 · IB 529,2027-07-12 11:40,2027-07-13 07:45,905,1,2916724,
2026-10-05,RT-SCL-LIS-20270712-20270731,RT,SCL,LIS,LIS,2027-07-12,2027-07-31,mejor,1,otra,ASU-GRU,LATAM,LA 1304 · LA 8015 · LA 8146,2027-07-12 08:30,2027-07-13 07:10,1060,2,3692517,
2026-10-05,RT-SCL-LIS-20270712-20270731,RT,SCL,LIS,LIS,2027-07-12,2027-07-31,mejor,2,brasil,GRU,LATAM,LA 8155 · LA 8148,2027-07-12 15:50,2027-07-13 12:20,930,1,3883422,
2026-10-05,RT-SCL-LIS-20270712-20270731,RT,SCL,LIS,LIS,2027-07-12,2027-07-31,otro,0,madrid,MAD,Iberia,IB 118 · IB 539,2027-07-12 11:40,2027-07-13 23:25,1845,1,2859428,
2026-10-05,RT-SCL-LIS-20270712-20270731,RT,SCL,LIS,LIS,2027-07-12,2027-07-31,otro,1,madrid,MAD,LATAM / Iberia,LA 706 · IB 539,2027-07-12 18:00,2027-07-13 23:25,1465,1,3224426,
2026-10-05,RT-SCL-LIS-20270712-20270731,RT,SCL,LIS,LIS,2027-07-12,2027-07-31,otro,2,madrid,MAD,LATAM / Iberia,LA 706 · IB 533,2027-07-12 18:00,2027-07-13 16:05,1025,1,3518809,
2026-10-05,RT-SCL-LIS-20270712-20270731,RT,SCL,LIS,LIS,2027-07-12,2027-07-31,otro,3,madrid,MAD,LATAM / Air Europa,LA 706 · UX 1157,2027-07-12 18:00,2027-07-13 19:15,1215,1,3827784,
2026-10-05,RT-SCL-LIS-20270712-20270731,RT,SCL,LIS,LIS,2027-07-12,2027-07-31,otro,4,brasil,GRU,LATAM,LA 762 · LA 8146,2027-07-12 07:35,2027-07-13 07:10,1115,1,3883422,
2026-10-05,RT-SCL-LIS-20270712-20270731,RT,SCL,LIS,LIS,2027-07-12,2027-07-31,otro,5,brasil,GRU,LATAM,LA 750 · LA 8146,2027-07-12 11:30,2027-07-13 07:10,880,1,4003839,
2026-10-05,RT-SCL-LIS-20270712-20270731,RT,SCL,LIS,LIS,2027-07-12,2027-07-31,otro,6,brasil,GRU-IST,Turkish Airlines,TK 216 · TK 216 · TK 1759,2027-07-12 10:05,2027-07-13 15:35,1470,2,4852038,
2026-10-05,RT-SCL-LIS-20270712-20270731,RT,SCL,LIS,LIS,2027-07-12,2027-07-31,otro,7,otra,EZE-LHR,British Airways,BA 244 · BA 244 · BA 502,2027-07-12 10:10,2027-07-13 12:55,1305,2,5362361,
2026-10-05,RT-SCL-LIS-20270712-20270731,RT,SCL,LIS,LIS,2027-07-12,2027-07-31,otro,8,paris,CDG,Air France,AF 407 · AF 1024,2027-07-12 10:10,2027-07-13 11:15,1205,1,6557116,
2026-10-05,RT-CCP-OPO-20270712-20270731,RT,CCP,OPO,OPO,2027-07-12,2027-07-31,mejor,0,madrid,SCL-MAD,LATAM / Iberia,LA 4 · LA 706 · IB 549,2027-07-12 07:41,2027-07-13 20:00,1879,2,4513664,
2026-10-05,RT-CCP-OPO-20270712-20270731,RT,CCP,OPO,OPO,2027-07-12,2027-07-31,mejor,1,madrid,SCL-MAD,LATAM / Iberia,LA 4 · IB 118 · IB 543,2027-07-12 07:41,2027-07-13 07:40,1139,2,5523992,
2026-10-05,RT-CCP-OPO-20270712-20270731,RT,CCP,OPO,OPO,2027-07-12,2027-07-31,mejor,2,madrid,SCL-MAD,LATAM / Iberia,LA 16 · LA 706 · IB 1151,2027-07-12 15:16,2027-07-13 16:00,1184,2,6135867,
2026-10-05,RT-CCP-OPO-20270712-20270731,RT,CCP,OPO,OPO,2027-07-12,2027-07-31,otro,0,madrid,SCL-MAD,LATAM / Air Europa,LA 4 · LA 706 · UX 1141,2027-07-12 07:41,2027-07-13 19:20,1839,2,5260485,
2026-10-05,RT-CCP-OPO-20270712-20270731,RT,CCP,OPO,OPO,2027-07-12,2027-07-31,otro,1,madrid,SCL-MAD,LATAM / Iberia,LA 14 · IB 118 · IB 543,2027-07-12 20:51,2027-07-14 07:40,1789,2,5315759,
2026-10-05,RT-CCP-OPO-20270712-20270731,RT,CCP,OPO,OPO,2027-07-12,2027-07-31,otro,2,madrid,SCL-MAD,LATAM / Air Europa,LA 6 · LA 706 · UX 1141,2027-07-12 14:44,2027-07-13 19:20,1416,2,5384583,
2026-10-05,RT-CCP-OPO-20270712-20270731,RT,CCP,OPO,OPO,2027-07-12,2027-07-31,otro,3,brasil,SCL-GRU-BCN,LATAM / Vueling,LA 212 · LA 750 · LA 8114 · VY 1214,2027-07-12 06:31,2027-07-13 14:15,1604,3,5426265,
2026-10-05,RT-CCP-OPO-20270712-20270731,RT,CCP,OPO,OPO,2027-07-12,2027-07-31,otro,4,madrid,SCL-MAD,LATAM / Iberia,LA 16 · LA 706 · IB 549,2027-07-12 15:16,2027-07-13 20:00,1424,2,5507193,
2026-10-05,RT-CCP-OPO-20270712-20270731,RT,CCP,OPO,OPO,2027-07-12,2027-07-31,otro,5,brasil,SCL-GRU-BCN,LATAM / Vueling,LA 4 · LA 750 · LA 8114 · VY 1214,2027-07-12 07:41,2027-07-13 14:15,1534,3,5670927,
2026-10-05,RT-SCL-LIS-20270712-20270731-LA,RT,SCL,LIS,LIS,2027-07-12,2027-07-31,otro,0,otra,ASU-GRU,LATAM,LA 1304 · LA 8015 · LA 8146,2027-07-12 08:30,2027-07-13 07:10,1060,2,3692517,
2026-10-05,RT-SCL-LIS-20270712-20270731-LA,RT,SCL,LIS,LIS,2027-07-12,2027-07-31,otro,1,brasil,GRU,LATAM,LA 762 · LA 8146,2027-07-12 07:35,2027-07-13 07:10,1115,1,3883422,
2026-10-05,RT-SCL-LIS-20270712-20270731-LA,RT,SCL,LIS,LIS,2027-07-12,2027-07-31,otro,2,brasil,GRU,LATAM,LA 8155 · LA 8148,2027-07-12 15:50,2027-07-13 12:20,930,1,3883422,
2026-10-05,RT-SCL-LIS-20270712-20270731-LA,RT,SCL,LIS,LIS,2027-07-12,2027-07-31,otro,3,brasil,GRU,LATAM,LA 750 · LA 8146,2027-07-12 11:30,2027-07-13 07:10,880,1,4003839,
2026-10-05,RT-SCL-OPO-20270712-20270731,RT,SCL,OPO,OPO,2027-07-12,2027-07-31,mejor,0,madrid,MAD,Iberia,IB 118 · IB 543,2027-07-12 11:40,2027-07-13 07:40,900,1,2800569,
2026-10-05,RT-SCL-OPO-20270712-20270731,RT,SCL,OPO,OPO,2027-07-12,2027-07-31,mejor,1,madrid,MAD,LATAM / Air Europa,LA 706 · UX 1147,2027-07-12 18:00,2027-07-14 06:45,1905,1,3129528,
2026-10-05,RT-SCL-OPO-20270712-20270731,RT,SCL,OPO,OPO,2027-07-12,2027-07-31,mejor,2,madrid,MAD,LATAM / Iberia,LA 706 · IB 1151,2027-07-12 18:00,2027-07-13 16:00,1020,1,3322080,
2026-10-05,RT-SCL-OPO-20270712-20270731,RT,SCL,OPO,OPO,2027-07-12,2027-07-31,otro,0,madrid,MAD,LATAM / Iberia,LA 706 · IB 543,2027-07-12 18:00,2027-07-14 07:40,1960,1,3279765,
2026-10-05,RT-SCL-OPO-20270712-20270731,RT,SCL,OPO,OPO,2027-07-12,2027-07-31,otro,1,brasil,GRU-IST,Turkish Airlines,TK 216 · TK 216 · TK 1451,2027-07-12 10:05,2027-07-13 15:40,1475,2,4487102,
2026-10-05,RT-SCL-OPO-20270712-20270731,RT,SCL,OPO,OPO,2027-07-12,2027-07-31,otro,2,lima,LIM-YUL,LATAM / Air Canada,LA 2444 · AC 89 · AC 928,2027-07-12 21:55,2027-07-14 08:30,1775,2,4841639,
2026-10-05,RT-SCL-OPO-20270712-20270731,RT,SCL,OPO,OPO,2027-07-12,2027-07-31,otro,3,otra,BOG-YUL,Avianca / Air Canada,AV 240 · AC 99 · AC 928,2027-07-12 00:30,2027-07-14 08:30,3060,2,5018936,
2026-10-05,RT-SCL-OPO-20270712-20270731,RT,SCL,OPO,OPO,2027-07-12,2027-07-31,otro,4,brasil,GRU-MAD,LATAM / Iberia,LA 8155 · LA 8066 · IB 1151,2027-07-12 15:50,2027-07-13 16:00,1150,2,5124327,
2026-10-05,RT-SCL-OPO-20270712-20270731,RT,SCL,OPO,OPO,2027-07-12,2027-07-31,otro,5,brasil,GIG,LATAM / Tap Air Portugal,LA 778 · TP 78,2027-07-12 07:15,2027-07-13 10:30,1335,1,5308392,
2026-10-05,RT-SCL-OPO-20270712-20270731,RT,SCL,OPO,OPO,2027-07-12,2027-07-31,otro,6,brasil,GIG,LATAM / Tap Air Portugal,LA 780 · TP 78,2027-07-12 12:35,2027-07-13 10:30,1015,1,5941805,
2026-10-05,RT-SCL-OPO-20270712-20270731,RT,SCL,OPO,OPO,2027-07-12,2027-07-31,otro,7,paris,CDG,Air France,AF 407 · AF 1528,2027-07-12 10:10,2027-07-13 15:25,1455,1,6836181,
2026-10-05,RT-SCL-OPO-20270712-20270731,RT,SCL,OPO,OPO,2027-07-12,2027-07-31,otro,8,otra,EZE-AMS,KLM,KL 702 · KL 702 · KL 1573,2027-07-12 10:15,2027-07-13 15:30,1455,2,6925023,
2026-10-05,RT-SCL-LIS-20270712-20270731,RT,SCL,LIS,LIS,2027-07-12,2027-07-31,mejor,0,madrid,MAD,Iberia,IB 118 · IB 529,2027-07-12 11:40,2027-07-13 07:45,905,1,2916724,
2026-10-05,RT-SCL-LIS-20270712-20270731,RT,SCL,LIS,LIS,2027-07-12,2027-07-31,mejor,1,otra,ASU-GRU,LATAM,LA 1304 · LA 8015 · LA 8146,2027-07-12 08:30,2027-07-13 07:10,1060,2,3651399,
2026-10-05,RT-SCL-LIS-20270712-20270731,RT,SCL,LIS,LIS,2027-07-12,2027-07-31,mejor,2,brasil,GRU,LATAM,LA 8155 · LA 8148,2027-07-12 15:50,2027-07-13 12:20,930,1,3883422,
2026-10-05,RT-SCL-LIS-20270712-20270731,RT,SCL,LIS,LIS,2027-07-12,2027-07-31,otro,0,madrid,MAD,Iberia,IB 118 · IB 539,2027-07-12 11:40,2027-07-13 23:25,1845,1,2859428,
2026-10-05,RT-SCL-LIS-20270712-20270731,RT,SCL,LIS,LIS,2027-07-12,2027-07-31,otro,1,madrid,MAD,LATAM / Iberia,LA 706 · IB 539,2027-07-12 18:00,2027-07-13 23:25,1465,1,3224426,
2026-10-05,RT-SCL-LIS-20270712-20270731,RT,SCL,LIS,LIS,2027-07-12,2027-07-31,otro,2,madrid,MAD,LATAM / Iberia,LA 706 · IB 533,2027-07-12 18:00,2027-07-13 16:05,1025,1,3518809,
2026-10-05,RT-SCL-LIS-20270712-20270731,RT,SCL,LIS,LIS,2027-07-12,2027-07-31,otro,3,otra,ASU-GRU,LATAM,LA 1304 · LA 1301 · LA 8148,2027-07-12 08:30,2027-07-13 12:20,1370,2,3778965,
2026-10-05,RT-SCL-LIS-20270712-20270731,RT,SCL,LIS,LIS,2027-07-12,2027-07-31,otro,4,otra,ASU-GRU,LATAM,LA 1304 · LA 8015 · LA 8148,2027-07-12 08:30,2027-07-13 12:20,1370,2,3778965,
2026-10-05,RT-SCL-LIS-20270712-20270731,RT,SCL,LIS,LIS,2027-07-12,2027-07-31,otro,5,brasil,GRU,LATAM,LA 762 · LA 8146,2027-07-12 07:35,2027-07-13 07:10,1115,1,3883422,
2026-10-05,RT-SCL-LIS-20270712-20270731,RT,SCL,LIS,LIS,2027-07-12,2027-07-31,otro,6,brasil,GRU,LATAM,LA 750 · LA 8146,2027-07-12 11:30,2027-07-13 07:10,880,1,4003839,
2026-10-05,RT-SCL-LIS-20270712-20270731,RT,SCL,LIS,LIS,2027-07-12,2027-07-31,otro,7,brasil,GRU-IST,Turkish Airlines,TK 216 · TK 216 · TK 1759,2027-07-12 10:05,2027-07-13 15:35,1470,2,4852038,
2026-10-05,RT-SCL-LIS-20270712-20270731,RT,SCL,LIS,LIS,2027-07-12,2027-07-31,otro,8,otra,EZE-LHR,British Airways,BA 244 · BA 244 · BA 502,2027-07-12 10:10,2027-07-13 12:55,1305,2,5308030,
2026-10-05,RT-SCL-LIS-20270712-20270731,RT,SCL,LIS,LIS,2027-07-12,2027-07-31,otro,9,paris,CDG,Air France,AF 407 · AF 1024,2027-07-12 10:10,2027-07-13 11:15,1205,1,6557116,
2026-10-05,RT-CCP-OPO-20270712-20270731,RT,CCP,OPO,OPO,2027-07-12,2027-07-31,mejor,0,madrid,SCL-MAD,LATAM / Iberia,LA 4 · LA 706 · IB 549,2027-07-12 07:41,2027-07-13 20:00,1879,2,4513664,
2026-10-05,RT-CCP-OPO-20270712-20270731,RT,CCP,OPO,OPO,2027-07-12,2027-07-31,mejor,1,madrid,SCL-MAD,LATAM / Air Europa,LA 6 · LA 706 · UX 1141,2027-07-12 14:44,2027-07-13 19:20,1416,2,5384583,
2026-10-05,RT-CCP-OPO-20270712-20270731,RT,CCP,OPO,OPO,2027-07-12,2027-07-31,mejor,2,brasil,SCL-GRU-BCN,LATAM / Vueling,LA 212 · LA 750 · LA 8114 · VY 1214,2027-07-12 06:31,2027-07-13 14:15,1604,3,5426265,
2026-10-05,RT-CCP-OPO-20270712-20270731,RT,CCP,OPO,OPO,2027-07-12,2027-07-31,mejor,3,madrid,SCL-MAD,LATAM / Iberia,LA 4 · IB 118 · IB 543,2027-07-12 07:41,2027-07-13 07:40,1139,2,5523992,
2026-10-05,RT-CCP-OPO-20270712-20270731,RT,CCP,OPO,OPO,2027-07-12,2027-07-31,mejor,4,madrid,SCL-MAD,LATAM / Iberia,LA 16 · LA 706 · IB 1151,2027-07-12 15:16,2027-07-13 16:00,1184,2,5743435,
2026-10-05,RT-CCP-OPO-20270712-20270731,RT,CCP,OPO,OPO,2027-07-12,2027-07-31,otro,0,madrid,SCL-MAD,LATAM / Air Europa,LA 4 · LA 706 · UX 1141,2027-07-12 07:41,2027-07-13 19:20,1839,2,5260485,
2026-10-05,RT-CCP-OPO-20270712-20270731,RT,CCP,OPO,OPO,2027-07-12,2027-07-31,otro,1,madrid,SCL-MAD,LATAM / Iberia,LA 14 · IB 118 · IB 543,2027-07-12 20:51,2027-07-14 07:40,1789,2,5315759,
2026-10-05,RT-CCP-OPO-20270712-20270731,RT,CCP,OPO,OPO,2027-07-12,2027-07-31,otro,2,madrid,SCL-MAD,LATAM / Iberia,LA 16 · LA 706 · IB 549,2027-07-12 15:16,2027-07-13 20:00,1424,2,5507193,
2026-10-05,RT-CCP-OPO-20270712-20270731,RT,CCP,OPO,OPO,2027-07-12,2027-07-31,otro,3,otra,SCL-MIA-PHL,JetSMART / American,JA 502 · AA 912 · AA 1284 · AA 576,2027-07-12 11:59,2027-07-14 08:15,2356,3,11908410,
2026-10-05,RT-CCP-OPO-20270712-20270731,RT,CCP,OPO,OPO,2027-07-12,2027-07-31,otro,4,otra,SCL-MIA-PHL,JetSMART / American,JA 502 · AA 912 · AA 2764 · AA 576,2027-07-12 11:59,2027-07-14 08:15,2356,3,11908410,
2026-10-05,RT-CCP-OPO-20270712-20270731,RT,CCP,OPO,OPO,2027-07-12,2027-07-31,otro,5,otra,SCL-MIA-PHL,JetSMART / American,JA 502 · AA 912 · AA 2124 · AA 576,2027-07-12 11:59,2027-07-14 08:15,2356,3,11908410,
2026-10-05,RT-SCL-LIS-20270712-20270801,RT,SCL,LIS,LIS,2027-07-12,2027-08-01,mejor,0,madrid,MAD,Iberia,IB 118 · IB 529,2027-07-12 11:40,2027-07-13 07:45,905,1,2736496,"Vuelta verificada: IB 540 · IB 113, sale 2027-08-01 06:35, llega 2027-08-01 21:40"
2026-10-05,RT-SCL-OPO-20270713-20270729,RT,SCL,OPO,OPO,2027-07-13,2027-07-29,mejor,0,otra,BCN,Iberia / Vueling,IB 2606 · VY 1212,2027-07-13 10:10,2027-07-14 08:00,1010,1,2684694,
2026-10-05,RT-SCL-OPO-20270713-20270729,RT,SCL,OPO,OPO,2027-07-13,2027-07-29,mejor,1,madrid,MAD,Iberia,IB 118 · IB 543,2027-07-13 11:40,2027-07-14 07:40,900,1,2686617,
2026-10-05,RT-SCL-OPO-20270713-20270729,RT,SCL,OPO,OPO,2027-07-13,2027-07-29,mejor,2,madrid,MAD,Iberia,IB 114 · IB 549,2027-07-13 23:20,2027-07-14 20:00,940,1,2686617,
2026-10-05,RT-SCL-OPO-20270713-20270729,RT,SCL,OPO,OPO,2027-07-13,2027-07-29,mejor,3,madrid,MAD,LATAM / Iberia,LA 706 · IB 1151,2027-07-13 18:00,2027-07-14 16:00,1020,1,3235836,
2026-10-05,RT-SCL-OPO-20270713-20270729,RT,SCL,OPO,OPO,2027-07-13,2027-07-29,otro,0,madrid,MAD,LATAM / Iberia,LA 706 · IB 549,2027-07-13 18:00,2027-07-14 20:00,1260,1,3141852,
2026-10-05,RT-SCL-OPO-20270713-20270729,RT,SCL,OPO,OPO,2027-07-13,2027-07-29,otro,1,madrid,MAD,LATAM / Air Europa,LA 706 · UX 1147,2027-07-13 18:00,2027-07-15 06:45,1905,1,3329835,
2026-10-05,RT-SCL-OPO-20270713-20270729,RT,SCL,OPO,OPO,2027-07-13,2027-07-29,otro,2,madrid,MAD,LATAM / Air Europa,LA 706 · UX 1141,2027-07-13 18:00,2027-07-14 19:20,1220,1,3682554,
2026-10-05,RT-SCL-OPO-20270713-20270729,RT,SCL,OPO,OPO,2027-07-13,2027-07-29,otro,3,brasil,GRU-IST,Turkish Airlines,TK 216 · TK 216 · TK 1451,2027-07-13 10:05,2027-07-14 15:40,1475,2,4352000,
2026-10-05,RT-SCL-OPO-20270713-20270729,RT,SCL,OPO,OPO,2027-07-13,2027-07-29,otro,4,madrid,MAD-LGW,Iberia / British Airways,IB 118 · IB 1861 · BA 2668,2027-07-13 11:40,2027-07-14 19:30,1610,2,4550023,
2026-10-05,RT-SCL-OPO-20270713-20270729,RT,SCL,OPO,OPO,2027-07-13,2027-07-29,otro,5,otra,BOG-MAD,LATAM / Iberia,LA 648 · IB 154 · IB 1151,2027-07-13 08:13,2027-07-14 16:00,1607,2,5241807,
2026-10-05,RT-SCL-OPO-20270713-20270729,RT,SCL,OPO,OPO,2027-07-13,2027-07-29,otro,6,paris,CDG,Air France,AF 407 · AF 1528,2027-07-13 10:10,2027-07-14 15:25,1455,1,5743617,
2026-10-05,RT-SCL-OPO-20270713-20270729,RT,SCL,OPO,OPO,2027-07-13,2027-07-29,otro,7,otra,EZE-AMS,KLM,KL 702 · KL 702 · KL 1573,2027-07-13 10:15,2027-07-14 15:30,1455,2,6833838,
2026-10-05,RT-SCL-LIS-20270713-20270729,RT,SCL,LIS,LIS,2027-07-13,2027-07-29,mejor,0,otra,BCN,Iberia / Vueling,IB 2606 · VY 1186,2027-07-13 10:10,2027-07-14 08:30,1040,1,2653316,
2026-10-05,RT-SCL-LIS-20270713-20270729,RT,SCL,LIS,LIS,2027-07-13,2027-07-29,mejor,1,madrid,MAD,Iberia,IB 118 · IB 529,2027-07-13 11:40,2027-07-14 07:45,905,1,2655239,
2026-10-05,RT-SCL-LIS-20270713-20270729,RT,SCL,LIS,LIS,2027-07-13,2027-07-29,mejor,2,madrid,MAD,Iberia,IB 114 · IB 537,2027-07-13 23:20,2027-07-14 20:05,945,1,2655239,
2026-10-05,RT-SCL-LIS-20270713-20270729,RT,SCL,LIS,LIS,2027-07-13,2027-07-29,mejor,3,madrid,MAD,LATAM / Iberia,LA 706 · IB 533,2027-07-13 18:00,2027-07-14 16:05,1025,1,3110474,
2026-10-05,RT-SCL-LIS-20270713-20270729,RT,SCL,LIS,LIS,2027-07-13,2027-07-29,mejor,4,otra,MDZ-GRU,LATAM,LA 434 · LA 8020 · LA 8146,2027-07-13 08:19,2027-07-14 07:10,1071,2,3550467,
2026-10-05,RT-SCL-LIS-20270713-20270729,RT,SCL,LIS,LIS,2027-07-13,2027-07-29,otro,0,madrid,MAD,LATAM / Air Europa,LA 706 · UX 1157,2027-07-13 18:00,2027-07-14 19:15,1215,1,3684609,
2026-10-05,RT-SCL-LIS-20270713-20270729,RT,SCL,LIS,LIS,2027-07-13,2027-07-29,otro,1,otra,BCN,LEVEL / Vueling,LL 2606 · VY 1186,2027-07-13 10:10,2027-07-14 08:30,1040,1,3793353,
2026-10-05,RT-SCL-LIS-20270713-20270729,RT,SCL,LIS,LIS,2027-07-13,2027-07-29,otro,2,brasil,GRU-IST,Turkish Airlines,TK 216 · TK 216 · TK 1759,2027-07-13 10:05,2027-07-14 15:50,1485,2,4540716,
2026-10-05,RT-SCL-LIS-20270713-20270729,RT,SCL,LIS,LIS,2027-07-13,2027-07-29,otro,3,paris,CDG,Air France,AF 407 · AF 1024,2027-07-13 10:10,2027-07-14 11:15,1205,1,5172810,
